"Statistic Label","Quarter","Employees Size","Economic Sector NACE Rev 2","UNIT","VALUE"
"Average Weekly Earnings","2008Q1","50 - 250","All NACE economic sectors","Euro","670.12"
"Average Weekly Earnings","2008Q1","50 - 250","Construction (F)","Euro","839.11"
"Average Weekly Earnings","2008Q1","50 - 250","Wholesale and retail trade; repair of motor vehicles and motorcycles (G)","Euro","587.9"
"Average Weekly Earnings","2008Q1","50 - 250","Transportation and storage (H)","Euro","726.05"
"Average Weekly Earnings","2008Q1","50 - 250","Accommodation and food service activities (I)","Euro","367.7"
"Average Weekly Earnings","2008Q1","50 - 250","Information and communication (J)","Euro","953.39"
"Average Weekly Earnings","2008Q1","50 - 250","Professional, scientific and technical activities (M)","Euro","968.96"
"Average Weekly Earnings","2008Q1","50 - 250","Administrative and support service activities (N)","Euro","494.29"
"Average Weekly Earnings","2008Q1","50 - 250","Public administration and defence; compulsory social security (O)","Euro","1061.51"
"Average Weekly Earnings","2008Q1","50 - 250","Education (P)","Euro","727.89"
"Average Weekly Earnings","2008Q1","50 - 250","Human health and social work activities (Q)","Euro","540.9"
"Average Weekly Earnings","2008Q1","50 - 250","Industry (B to E)","Euro","735.93"
"Average Weekly Earnings","2008Q1","50 - 250","Financial, insurance and real estate activities (K,L)","Euro","1359.16"
"Average Weekly Earnings","2008Q1","50 - 250","Arts, entertainment, recreation and other service activities (R,S)","Euro","575.45"
"Average Weekly Earnings","2008Q2","50 - 250","All NACE economic sectors","Euro","652.77"
"Average Weekly Earnings","2008Q2","50 - 250","Construction (F)","Euro","883.83"
"Average Weekly Earnings","2008Q2","50 - 250","Wholesale and retail trade; repair of motor vehicles and motorcycles (G)","Euro","579.36"
"Average Weekly Earnings","2008Q2","50 - 250","Transportation and storage (H)","Euro","701.57"
"Average Weekly Earnings","2008Q2","50 - 250","Accommodation and food service activities (I)","Euro","366.13"
"Average Weekly Earnings","2008Q2","50 - 250","Information and communication (J)","Euro","898.1"
"Average Weekly Earnings","2008Q2","50 - 250","Professional, scientific and technical activities (M)","Euro","920.72"
"Average Weekly Earnings","2008Q2","50 - 250","Administrative and support service activities (N)","Euro","513.85"
"Average Weekly Earnings","2008Q2","50 - 250","Public administration and defence; compulsory social security (O)","Euro","1066.54"
"Average Weekly Earnings","2008Q2","50 - 250","Education (P)","Euro","603.42"
"Average Weekly Earnings","2008Q2","50 - 250","Human health and social work activities (Q)","Euro","544.56"
"Average Weekly Earnings","2008Q2","50 - 250","Industry (B to E)","Euro","727.53"
"Average Weekly Earnings","2008Q2","50 - 250","Financial, insurance and real estate activities (K,L)","Euro","1069.55"
"Average Weekly Earnings","2008Q2","50 - 250","Arts, entertainment, recreation and other service activities (R,S)","Euro","580.35"
"Average Weekly Earnings","2008Q3","50 - 250","All NACE economic sectors","Euro","652.96"
"Average Weekly Earnings","2008Q3","50 - 250","Construction (F)","Euro","918.21"
"Average Weekly Earnings","2008Q3","50 - 250","Wholesale and retail trade; repair of motor vehicles and motorcycles (G)","Euro","578.83"
"Average Weekly Earnings","2008Q3","50 - 250","Transportation and storage (H)","Euro","699.42"
"Average Weekly Earnings","2008Q3","50 - 250","Accommodation and food service activities (I)","Euro","372.57"
"Average Weekly Earnings","2008Q3","50 - 250","Information and communication (J)","Euro","937.02"
"Average Weekly Earnings","2008Q3","50 - 250","Professional, scientific and technical activities (M)","Euro","921.69"
"Average Weekly Earnings","2008Q3","50 - 250","Administrative and support service activities (N)","Euro","501.77"
"Average Weekly Earnings","2008Q3","50 - 250","Public administration and defence; compulsory social security (O)","Euro","1090.97"
"Average Weekly Earnings","2008Q3","50 - 250","Education (P)","Euro","659.15"
"Average Weekly Earnings","2008Q3","50 - 250","Human health and social work activities (Q)","Euro","512.24"
"Average Weekly Earnings","2008Q3","50 - 250","Industry (B to E)","Euro","721.24"
"Average Weekly Earnings","2008Q3","50 - 250","Financial, insurance and real estate activities (K,L)","Euro","1043.98"
"Average Weekly Earnings","2008Q3","50 - 250","Arts, entertainment, recreation and other service activities (R,S)","Euro","640.48"
"Average Weekly Earnings","2008Q4","50 - 250","All NACE economic sectors","Euro","666.35"
"Average Weekly Earnings","2008Q4","50 - 250","Construction (F)","Euro","929.99"
"Average Weekly Earnings","2008Q4","50 - 250","Wholesale and retail trade; repair of motor vehicles and motorcycles (G)","Euro","587.84"
"Average Weekly Earnings","2008Q4","50 - 250","Transportation and storage (H)","Euro","730.52"
"Average Weekly Earnings","2008Q4","50 - 250","Accommodation and food service activities (I)","Euro","371.59"
"Average Weekly Earnings","2008Q4","50 - 250","Information and communication (J)","Euro","957.38"
"Average Weekly Earnings","2008Q4","50 - 250","Professional, scientific and technical activities (M)","Euro","960.2"
"Average Weekly Earnings","2008Q4","50 - 250","Administrative and support service activities (N)","Euro","480.11"
"Average Weekly Earnings","2008Q4","50 - 250","Public administration and defence; compulsory social security (O)","Euro","1110.02"
"Average Weekly Earnings","2008Q4","50 - 250","Education (P)","Euro","634.83"
"Average Weekly Earnings","2008Q4","50 - 250","Human health and social work activities (Q)","Euro","535.23"
"Average Weekly Earnings","2008Q4","50 - 250","Industry (B to E)","Euro","748.26"
"Average Weekly Earnings","2008Q4","50 - 250","Financial, insurance and real estate activities (K,L)","Euro","1109.9"
"Average Weekly Earnings","2008Q4","50 - 250","Arts, entertainment, recreation and other service activities (R,S)","Euro","647.42"
"Average Weekly Earnings","2009Q1","50 - 250","All NACE economic sectors","Euro","672.14"
"Average Weekly Earnings","2009Q1","50 - 250","Construction (F)","Euro","856.91"
"Average Weekly Earnings","2009Q1","50 - 250","Wholesale and retail trade; repair of motor vehicles and motorcycles (G)","Euro","577.93"
"Average Weekly Earnings","2009Q1","50 - 250","Transportation and storage (H)","Euro","709.15"
"Average Weekly Earnings","2009Q1","50 - 250","Accommodation and food service activities (I)","Euro","351.79"
"Average Weekly Earnings","2009Q1","50 - 250","Information and communication (J)","Euro","949.57"
"Average Weekly Earnings","2009Q1","50 - 250","Professional, scientific and technical activities (M)","Euro","1101.06"
"Average Weekly Earnings","2009Q1","50 - 250","Administrative and support service activities (N)","Euro","576.19"
"Average Weekly Earnings","2009Q1","50 - 250","Public administration and defence; compulsory social security (O)","Euro","1108.62"
"Average Weekly Earnings","2009Q1","50 - 250","Education (P)","Euro","686.26"
"Average Weekly Earnings","2009Q1","50 - 250","Human health and social work activities (Q)","Euro","521.15"
"Average Weekly Earnings","2009Q1","50 - 250","Industry (B to E)","Euro","721.85"
"Average Weekly Earnings","2009Q1","50 - 250","Financial, insurance and real estate activities (K,L)","Euro","1290.05"
"Average Weekly Earnings","2009Q1","50 - 250","Arts, entertainment, recreation and other service activities (R,S)","Euro","582.68"
"Average Weekly Earnings","2009Q2","50 - 250","All NACE economic sectors","Euro","652.72"
"Average Weekly Earnings","2009Q2","50 - 250","Construction (F)","Euro","913.57"
"Average Weekly Earnings","2009Q2","50 - 250","Wholesale and retail trade; repair of motor vehicles and motorcycles (G)","Euro","584.69"
"Average Weekly Earnings","2009Q2","50 - 250","Transportation and storage (H)","Euro","696.32"
"Average Weekly Earnings","2009Q2","50 - 250","Accommodation and food service activities (I)","Euro","358.86"
"Average Weekly Earnings","2009Q2","50 - 250","Information and communication (J)","Euro","931.52"
"Average Weekly Earnings","2009Q2","50 - 250","Professional, scientific and technical activities (M)","Euro","976.99"
"Average Weekly Earnings","2009Q2","50 - 250","Administrative and support service activities (N)","Euro","517.94"
"Average Weekly Earnings","2009Q2","50 - 250","Public administration and defence; compulsory social security (O)","Euro","1136.19"
"Average Weekly Earnings","2009Q2","50 - 250","Education (P)","Euro","644.62"
"Average Weekly Earnings","2009Q2","50 - 250","Human health and social work activities (Q)","Euro","530.58"
"Average Weekly Earnings","2009Q2","50 - 250","Industry (B to E)","Euro","723.89"
"Average Weekly Earnings","2009Q2","50 - 250","Financial, insurance and real estate activities (K,L)","Euro","1024.4"
"Average Weekly Earnings","2009Q2","50 - 250","Arts, entertainment, recreation and other service activities (R,S)","Euro","564.29"
"Average Weekly Earnings","2009Q3","50 - 250","All NACE economic sectors","Euro","647.03"
"Average Weekly Earnings","2009Q3","50 - 250","Construction (F)","Euro","882.43"
"Average Weekly Earnings","2009Q3","50 - 250","Wholesale and retail trade; repair of motor vehicles and motorcycles (G)","Euro","565.43"
"Average Weekly Earnings","2009Q3","50 - 250","Transportation and storage (H)","Euro","680.69"
"Average Weekly Earnings","2009Q3","50 - 250","Accommodation and food service activities (I)","Euro","362.23"
"Average Weekly Earnings","2009Q3","50 - 250","Information and communication (J)","Euro","937.02"
"Average Weekly Earnings","2009Q3","50 - 250","Professional, scientific and technical activities (M)","Euro","983.33"
"Average Weekly Earnings","2009Q3","50 - 250","Administrative and support service activities (N)","Euro","508.72"
"Average Weekly Earnings","2009Q3","50 - 250","Public administration and defence; compulsory social security (O)","Euro","1116.03"
"Average Weekly Earnings","2009Q3","50 - 250","Education (P)","Euro","692.54"
"Average Weekly Earnings","2009Q3","50 - 250","Human health and social work activities (Q)","Euro","529.92"
"Average Weekly Earnings","2009Q3","50 - 250","Industry (B to E)","Euro","715.64"
"Average Weekly Earnings","2009Q3","50 - 250","Financial, insurance and real estate activities (K,L)","Euro","1019.18"
"Average Weekly Earnings","2009Q3","50 - 250","Arts, entertainment, recreation and other service activities (R,S)","Euro","580.1"
"Average Weekly Earnings","2009Q4","50 - 250","All NACE economic sectors","Euro","681.15"
"Average Weekly Earnings","2009Q4","50 - 250","Construction (F)","Euro","1014.44"
"Average Weekly Earnings","2009Q4","50 - 250","Wholesale and retail trade; repair of motor vehicles and motorcycles (G)","Euro","579.26"
"Average Weekly Earnings","2009Q4","50 - 250","Transportation and storage (H)","Euro","706.15"
"Average Weekly Earnings","2009Q4","50 - 250","Accommodation and food service activities (I)","Euro","356.22"
"Average Weekly Earnings","2009Q4","50 - 250","Information and communication (J)","Euro","1024.12"
"Average Weekly Earnings","2009Q4","50 - 250","Professional, scientific and technical activities (M)","Euro","972.88"
"Average Weekly Earnings","2009Q4","50 - 250","Administrative and support service activities (N)","Euro","535.58"
"Average Weekly Earnings","2009Q4","50 - 250","Public administration and defence; compulsory social security (O)","Euro","1137.34"
"Average Weekly Earnings","2009Q4","50 - 250","Education (P)","Euro","655.36"
"Average Weekly Earnings","2009Q4","50 - 250","Human health and social work activities (Q)","Euro","555.92"
"Average Weekly Earnings","2009Q4","50 - 250","Industry (B to E)","Euro","751.4"
"Average Weekly Earnings","2009Q4","50 - 250","Financial, insurance and real estate activities (K,L)","Euro","1140.57"
"Average Weekly Earnings","2009Q4","50 - 250","Arts, entertainment, recreation and other service activities (R,S)","Euro","641.4"
"Average Weekly Earnings","2010Q1","50 - 250","All NACE economic sectors","Euro","657.73"
"Average Weekly Earnings","2010Q1","50 - 250","Construction (F)","Euro","933.1"
"Average Weekly Earnings","2010Q1","50 - 250","Wholesale and retail trade; repair of motor vehicles and motorcycles (G)","Euro","566.52"
"Average Weekly Earnings","2010Q1","50 - 250","Transportation and storage (H)","Euro","674.15"
"Average Weekly Earnings","2010Q1","50 - 250","Accommodation and food service activities (I)","Euro","325.66"
"Average Weekly Earnings","2010Q1","50 - 250","Information and communication (J)","Euro","981.85"
"Average Weekly Earnings","2010Q1","50 - 250","Professional, scientific and technical activities (M)","Euro","1081.45"
"Average Weekly Earnings","2010Q1","50 - 250","Administrative and support service activities (N)","Euro","530.14"
"Average Weekly Earnings","2010Q1","50 - 250","Public administration and defence; compulsory social security (O)","Euro","1045.91"
"Average Weekly Earnings","2010Q1","50 - 250","Education (P)","Euro","609.9"
"Average Weekly Earnings","2010Q1","50 - 250","Human health and social work activities (Q)","Euro","508.7"
"Average Weekly Earnings","2010Q1","50 - 250","Industry (B to E)","Euro","721.88"
"Average Weekly Earnings","2010Q1","50 - 250","Financial, insurance and real estate activities (K,L)","Euro","1259.92"
"Average Weekly Earnings","2010Q1","50 - 250","Arts, entertainment, recreation and other service activities (R,S)","Euro","581.76"
"Average Weekly Earnings","2010Q2","50 - 250","All NACE economic sectors","Euro","655.83"
"Average Weekly Earnings","2010Q2","50 - 250","Construction (F)","Euro","864.31"
"Average Weekly Earnings","2010Q2","50 - 250","Wholesale and retail trade; repair of motor vehicles and motorcycles (G)","Euro","575.3"
"Average Weekly Earnings","2010Q2","50 - 250","Transportation and storage (H)","Euro","718.89"
"Average Weekly Earnings","2010Q2","50 - 250","Accommodation and food service activities (I)","Euro","354.59"
"Average Weekly Earnings","2010Q2","50 - 250","Information and communication (J)","Euro","956.59"
"Average Weekly Earnings","2010Q2","50 - 250","Professional, scientific and technical activities (M)","Euro","962.76"
"Average Weekly Earnings","2010Q2","50 - 250","Administrative and support service activities (N)","Euro","538.76"
"Average Weekly Earnings","2010Q2","50 - 250","Public administration and defence; compulsory social security (O)","Euro","1084.42"
"Average Weekly Earnings","2010Q2","50 - 250","Education (P)","Euro","608.71"
"Average Weekly Earnings","2010Q2","50 - 250","Human health and social work activities (Q)","Euro","515.4"
"Average Weekly Earnings","2010Q2","50 - 250","Industry (B to E)","Euro","739.32"
"Average Weekly Earnings","2010Q2","50 - 250","Financial, insurance and real estate activities (K,L)","Euro","1139.1"
"Average Weekly Earnings","2010Q2","50 - 250","Arts, entertainment, recreation and other service activities (R,S)","Euro","559.56"
"Average Weekly Earnings","2010Q3","50 - 250","All NACE economic sectors","Euro","639.56"
"Average Weekly Earnings","2010Q3","50 - 250","Construction (F)","Euro","891.78"
"Average Weekly Earnings","2010Q3","50 - 250","Wholesale and retail trade; repair of motor vehicles and motorcycles (G)","Euro","563.75"
"Average Weekly Earnings","2010Q3","50 - 250","Transportation and storage (H)","Euro","684.48"
"Average Weekly Earnings","2010Q3","50 - 250","Accommodation and food service activities (I)","Euro","368.4"
"Average Weekly Earnings","2010Q3","50 - 250","Information and communication (J)","Euro","934.7"
"Average Weekly Earnings","2010Q3","50 - 250","Professional, scientific and technical activities (M)","Euro","937.04"
"Average Weekly Earnings","2010Q3","50 - 250","Administrative and support service activities (N)","Euro","521.81"
"Average Weekly Earnings","2010Q3","50 - 250","Public administration and defence; compulsory social security (O)","Euro","1054.46"
"Average Weekly Earnings","2010Q3","50 - 250","Education (P)","Euro","557.54"
"Average Weekly Earnings","2010Q3","50 - 250","Human health and social work activities (Q)","Euro","521.55"
"Average Weekly Earnings","2010Q3","50 - 250","Industry (B to E)","Euro","750.03"
"Average Weekly Earnings","2010Q3","50 - 250","Financial, insurance and real estate activities (K,L)","Euro","969.72"
"Average Weekly Earnings","2010Q3","50 - 250","Arts, entertainment, recreation and other service activities (R,S)","Euro","618.93"
"Average Weekly Earnings","2010Q4","50 - 250","All NACE economic sectors","Euro","649.53"
"Average Weekly Earnings","2010Q4","50 - 250","Construction (F)","Euro","917.81"
"Average Weekly Earnings","2010Q4","50 - 250","Wholesale and retail trade; repair of motor vehicles and motorcycles (G)","Euro","596.36"
"Average Weekly Earnings","2010Q4","50 - 250","Transportation and storage (H)","Euro","651.74"
"Average Weekly Earnings","2010Q4","50 - 250","Accommodation and food service activities (I)","Euro","354.38"
"Average Weekly Earnings","2010Q4","50 - 250","Information and communication (J)","Euro","913.08"
"Average Weekly Earnings","2010Q4","50 - 250","Professional, scientific and technical activities (M)","Euro","974.47"
"Average Weekly Earnings","2010Q4","50 - 250","Administrative and support service activities (N)","Euro","511.08"
"Average Weekly Earnings","2010Q4","50 - 250","Public administration and defence; compulsory social security (O)","Euro","1073.74"
"Average Weekly Earnings","2010Q4","50 - 250","Education (P)","Euro","549.46"
"Average Weekly Earnings","2010Q4","50 - 250","Human health and social work activities (Q)","Euro","528.14"
"Average Weekly Earnings","2010Q4","50 - 250","Industry (B to E)","Euro","756.41"
"Average Weekly Earnings","2010Q4","50 - 250","Financial, insurance and real estate activities (K,L)","Euro","1103.27"
"Average Weekly Earnings","2010Q4","50 - 250","Arts, entertainment, recreation and other service activities (R,S)","Euro","561.12"
"Average Weekly Earnings","2011Q1","50 - 250","All NACE economic sectors","Euro","640.85"
"Average Weekly Earnings","2011Q1","50 - 250","Construction (F)","Euro","826.96"
"Average Weekly Earnings","2011Q1","50 - 250","Wholesale and retail trade; repair of motor vehicles and motorcycles (G)","Euro","564.23"
"Average Weekly Earnings","2011Q1","50 - 250","Transportation and storage (H)","Euro","650.1"
"Average Weekly Earnings","2011Q1","50 - 250","Accommodation and food service activities (I)","Euro","325.42"
"Average Weekly Earnings","2011Q1","50 - 250","Information and communication (J)","Euro","970.88"
"Average Weekly Earnings","2011Q1","50 - 250","Professional, scientific and technical activities (M)","Euro","1109.23"
"Average Weekly Earnings","2011Q1","50 - 250","Administrative and support service activities (N)","Euro","523.39"
"Average Weekly Earnings","2011Q1","50 - 250","Public administration and defence; compulsory social security (O)","Euro","1030.48"
"Average Weekly Earnings","2011Q1","50 - 250","Education (P)","Euro","606.07"
"Average Weekly Earnings","2011Q1","50 - 250","Human health and social work activities (Q)","Euro","504.95"
"Average Weekly Earnings","2011Q1","50 - 250","Industry (B to E)","Euro","722.55"
"Average Weekly Earnings","2011Q1","50 - 250","Financial, insurance and real estate activities (K,L)","Euro","1144.42"
"Average Weekly Earnings","2011Q1","50 - 250","Arts, entertainment, recreation and other service activities (R,S)","Euro","494.77"
"Average Weekly Earnings","2011Q2","50 - 250","All NACE economic sectors","Euro","641.44"
"Average Weekly Earnings","2011Q2","50 - 250","Construction (F)","Euro","868.25"
"Average Weekly Earnings","2011Q2","50 - 250","Wholesale and retail trade; repair of motor vehicles and motorcycles (G)","Euro","581.28"
"Average Weekly Earnings","2011Q2","50 - 250","Transportation and storage (H)","Euro","647.21"
"Average Weekly Earnings","2011Q2","50 - 250","Accommodation and food service activities (I)","Euro","350.24"
"Average Weekly Earnings","2011Q2","50 - 250","Information and communication (J)","Euro","936.52"
"Average Weekly Earnings","2011Q2","50 - 250","Professional, scientific and technical activities (M)","Euro","1008.58"
"Average Weekly Earnings","2011Q2","50 - 250","Administrative and support service activities (N)","Euro","537.4"
"Average Weekly Earnings","2011Q2","50 - 250","Public administration and defence; compulsory social security (O)","Euro","1075.87"
"Average Weekly Earnings","2011Q2","50 - 250","Education (P)","Euro","583.23"
"Average Weekly Earnings","2011Q2","50 - 250","Human health and social work activities (Q)","Euro","485.74"
"Average Weekly Earnings","2011Q2","50 - 250","Industry (B to E)","Euro","735.19"
"Average Weekly Earnings","2011Q2","50 - 250","Financial, insurance and real estate activities (K,L)","Euro","1065.09"
"Average Weekly Earnings","2011Q2","50 - 250","Arts, entertainment, recreation and other service activities (R,S)","Euro","512.62"
"Average Weekly Earnings","2011Q3","50 - 250","All NACE economic sectors","Euro","628.97"
"Average Weekly Earnings","2011Q3","50 - 250","Construction (F)","Euro","904.13"
"Average Weekly Earnings","2011Q3","50 - 250","Wholesale and retail trade; repair of motor vehicles and motorcycles (G)","Euro","565.33"
"Average Weekly Earnings","2011Q3","50 - 250","Transportation and storage (H)","Euro","646.2"
"Average Weekly Earnings","2011Q3","50 - 250","Accommodation and food service activities (I)","Euro","364.68"
"Average Weekly Earnings","2011Q3","50 - 250","Information and communication (J)","Euro","922.02"
"Average Weekly Earnings","2011Q3","50 - 250","Professional, scientific and technical activities (M)","Euro","968.29"
"Average Weekly Earnings","2011Q3","50 - 250","Administrative and support service activities (N)","Euro","491.57"
"Average Weekly Earnings","2011Q3","50 - 250","Public administration and defence; compulsory social security (O)","Euro","1049.36"
"Average Weekly Earnings","2011Q3","50 - 250","Education (P)","Euro","547.22"
"Average Weekly Earnings","2011Q3","50 - 250","Human health and social work activities (Q)","Euro","488.62"
"Average Weekly Earnings","2011Q3","50 - 250","Industry (B to E)","Euro","735.6"
"Average Weekly Earnings","2011Q3","50 - 250","Financial, insurance and real estate activities (K,L)","Euro","1038.69"
"Average Weekly Earnings","2011Q3","50 - 250","Arts, entertainment, recreation and other service activities (R,S)","Euro","475.13"
"Average Weekly Earnings","2011Q4","50 - 250","All NACE economic sectors","Euro","651.39"
"Average Weekly Earnings","2011Q4","50 - 250","Construction (F)","Euro","907.39"
"Average Weekly Earnings","2011Q4","50 - 250","Wholesale and retail trade; repair of motor vehicles and motorcycles (G)","Euro","577.65"
"Average Weekly Earnings","2011Q4","50 - 250","Transportation and storage (H)","Euro","663.82"
"Average Weekly Earnings","2011Q4","50 - 250","Accommodation and food service activities (I)","Euro","356.82"
"Average Weekly Earnings","2011Q4","50 - 250","Information and communication (J)","Euro","1032.14"
"Average Weekly Earnings","2011Q4","50 - 250","Professional, scientific and technical activities (M)","Euro","975.24"
"Average Weekly Earnings","2011Q4","50 - 250","Administrative and support service activities (N)","Euro","535.59"
"Average Weekly Earnings","2011Q4","50 - 250","Public administration and defence; compulsory social security (O)","Euro","1073.27"
"Average Weekly Earnings","2011Q4","50 - 250","Education (P)","Euro","580.92"
"Average Weekly Earnings","2011Q4","50 - 250","Human health and social work activities (Q)","Euro","492.64"
"Average Weekly Earnings","2011Q4","50 - 250","Industry (B to E)","Euro","765.88"
"Average Weekly Earnings","2011Q4","50 - 250","Financial, insurance and real estate activities (K,L)","Euro","1047.72"
"Average Weekly Earnings","2011Q4","50 - 250","Arts, entertainment, recreation and other service activities (R,S)","Euro","527.32"
"Average Weekly Earnings","2012Q1","50 - 250","All NACE economic sectors","Euro","653.26"
"Average Weekly Earnings","2012Q1","50 - 250","Construction (F)","Euro","880.63"
"Average Weekly Earnings","2012Q1","50 - 250","Wholesale and retail trade; repair of motor vehicles and motorcycles (G)","Euro","572.56"
"Average Weekly Earnings","2012Q1","50 - 250","Transportation and storage (H)","Euro","663.76"
"Average Weekly Earnings","2012Q1","50 - 250","Accommodation and food service activities (I)","Euro","328.78"
"Average Weekly Earnings","2012Q1","50 - 250","Information and communication (J)","Euro","1049.15"
"Average Weekly Earnings","2012Q1","50 - 250","Professional, scientific and technical activities (M)","Euro","1247.31"
"Average Weekly Earnings","2012Q1","50 - 250","Administrative and support service activities (N)","Euro","517.8"
"Average Weekly Earnings","2012Q1","50 - 250","Public administration and defence; compulsory social security (O)","Euro","1049.27"
"Average Weekly Earnings","2012Q1","50 - 250","Education (P)","Euro","541.75"
"Average Weekly Earnings","2012Q1","50 - 250","Human health and social work activities (Q)","Euro","470.42"
"Average Weekly Earnings","2012Q1","50 - 250","Industry (B to E)","Euro","743.46"
"Average Weekly Earnings","2012Q1","50 - 250","Financial, insurance and real estate activities (K,L)","Euro","1178.31"
"Average Weekly Earnings","2012Q1","50 - 250","Arts, entertainment, recreation and other service activities (R,S)","Euro","507.65"
"Average Weekly Earnings","2012Q2","50 - 250","All NACE economic sectors","Euro","639.53"
"Average Weekly Earnings","2012Q2","50 - 250","Construction (F)","Euro","901.67"
"Average Weekly Earnings","2012Q2","50 - 250","Wholesale and retail trade; repair of motor vehicles and motorcycles (G)","Euro","572.76"
"Average Weekly Earnings","2012Q2","50 - 250","Transportation and storage (H)","Euro","689.23"
"Average Weekly Earnings","2012Q2","50 - 250","Accommodation and food service activities (I)","Euro","342.68"
"Average Weekly Earnings","2012Q2","50 - 250","Information and communication (J)","Euro","996.01"
"Average Weekly Earnings","2012Q2","50 - 250","Professional, scientific and technical activities (M)","Euro","966.07"
"Average Weekly Earnings","2012Q2","50 - 250","Administrative and support service activities (N)","Euro","521.57"
"Average Weekly Earnings","2012Q2","50 - 250","Public administration and defence; compulsory social security (O)","Euro","1032.57"
"Average Weekly Earnings","2012Q2","50 - 250","Education (P)","Euro","562.44"
"Average Weekly Earnings","2012Q2","50 - 250","Human health and social work activities (Q)","Euro","474.52"
"Average Weekly Earnings","2012Q2","50 - 250","Industry (B to E)","Euro","734.2"
"Average Weekly Earnings","2012Q2","50 - 250","Financial, insurance and real estate activities (K,L)","Euro","1097.12"
"Average Weekly Earnings","2012Q2","50 - 250","Arts, entertainment, recreation and other service activities (R,S)","Euro","499.64"
"Average Weekly Earnings","2012Q3","50 - 250","All NACE economic sectors","Euro","619.81"
"Average Weekly Earnings","2012Q3","50 - 250","Construction (F)","Euro","909.85"
"Average Weekly Earnings","2012Q3","50 - 250","Wholesale and retail trade; repair of motor vehicles and motorcycles (G)","Euro","551.44"
"Average Weekly Earnings","2012Q3","50 - 250","Transportation and storage (H)","Euro","692.51"
"Average Weekly Earnings","2012Q3","50 - 250","Accommodation and food service activities (I)","Euro","362.68"
"Average Weekly Earnings","2012Q3","50 - 250","Information and communication (J)","Euro","949.34"
"Average Weekly Earnings","2012Q3","50 - 250","Professional, scientific and technical activities (M)","Euro","980.28"
"Average Weekly Earnings","2012Q3","50 - 250","Administrative and support service activities (N)","Euro","518.03"
"Average Weekly Earnings","2012Q3","50 - 250","Public administration and defence; compulsory social security (O)","Euro","1061"
"Average Weekly Earnings","2012Q3","50 - 250","Education (P)","Euro","465.8"
"Average Weekly Earnings","2012Q3","50 - 250","Human health and social work activities (Q)","Euro","466.61"
"Average Weekly Earnings","2012Q3","50 - 250","Industry (B to E)","Euro","723.87"
"Average Weekly Earnings","2012Q3","50 - 250","Financial, insurance and real estate activities (K,L)","Euro","1000.59"
"Average Weekly Earnings","2012Q3","50 - 250","Arts, entertainment, recreation and other service activities (R,S)","Euro","512.6"
"Average Weekly Earnings","2012Q4","50 - 250","All NACE economic sectors","Euro","650.71"
"Average Weekly Earnings","2012Q4","50 - 250","Construction (F)","Euro","960.69"
"Average Weekly Earnings","2012Q4","50 - 250","Wholesale and retail trade; repair of motor vehicles and motorcycles (G)","Euro","563.16"
"Average Weekly Earnings","2012Q4","50 - 250","Transportation and storage (H)","Euro","710.77"
"Average Weekly Earnings","2012Q4","50 - 250","Accommodation and food service activities (I)","Euro","368.1"
"Average Weekly Earnings","2012Q4","50 - 250","Information and communication (J)","Euro","973.33"
"Average Weekly Earnings","2012Q4","50 - 250","Professional, scientific and technical activities (M)","Euro","990.24"
"Average Weekly Earnings","2012Q4","50 - 250","Administrative and support service activities (N)","Euro","566.61"
"Average Weekly Earnings","2012Q4","50 - 250","Public administration and defence; compulsory social security (O)","Euro","1063.58"
"Average Weekly Earnings","2012Q4","50 - 250","Education (P)","Euro","573.5"
"Average Weekly Earnings","2012Q4","50 - 250","Human health and social work activities (Q)","Euro","489.09"
"Average Weekly Earnings","2012Q4","50 - 250","Industry (B to E)","Euro","760.7"
"Average Weekly Earnings","2012Q4","50 - 250","Financial, insurance and real estate activities (K,L)","Euro","1002.84"
"Average Weekly Earnings","2012Q4","50 - 250","Arts, entertainment, recreation and other service activities (R,S)","Euro","509.52"
"Average Weekly Earnings","2013Q1","50 - 250","All NACE economic sectors","Euro","650.98"
"Average Weekly Earnings","2013Q1","50 - 250","Construction (F)","Euro","877.71"
"Average Weekly Earnings","2013Q1","50 - 250","Wholesale and retail trade; repair of motor vehicles and motorcycles (G)","Euro","606.12"
"Average Weekly Earnings","2013Q1","50 - 250","Transportation and storage (H)","Euro","697.06"
"Average Weekly Earnings","2013Q1","50 - 250","Accommodation and food service activities (I)","Euro","324.15"
"Average Weekly Earnings","2013Q1","50 - 250","Information and communication (J)","Euro","1004.93"
"Average Weekly Earnings","2013Q1","50 - 250","Professional, scientific and technical activities (M)","Euro","1014.52"
"Average Weekly Earnings","2013Q1","50 - 250","Administrative and support service activities (N)","Euro","584.53"
"Average Weekly Earnings","2013Q1","50 - 250","Public administration and defence; compulsory social security (O)","Euro","1075.84"
"Average Weekly Earnings","2013Q1","50 - 250","Education (P)","Euro","544.93"
"Average Weekly Earnings","2013Q1","50 - 250","Human health and social work activities (Q)","Euro","443.44"
"Average Weekly Earnings","2013Q1","50 - 250","Industry (B to E)","Euro","749.9"
"Average Weekly Earnings","2013Q1","50 - 250","Financial, insurance and real estate activities (K,L)","Euro","1186.81"
"Average Weekly Earnings","2013Q1","50 - 250","Arts, entertainment, recreation and other service activities (R,S)","Euro","524.26"
"Average Weekly Earnings","2013Q2","50 - 250","All NACE economic sectors","Euro","635.09"
"Average Weekly Earnings","2013Q2","50 - 250","Construction (F)","Euro","926.71"
"Average Weekly Earnings","2013Q2","50 - 250","Wholesale and retail trade; repair of motor vehicles and motorcycles (G)","Euro","577.48"
"Average Weekly Earnings","2013Q2","50 - 250","Transportation and storage (H)","Euro","690.89"
"Average Weekly Earnings","2013Q2","50 - 250","Accommodation and food service activities (I)","Euro","353.5"
"Average Weekly Earnings","2013Q2","50 - 250","Information and communication (J)","Euro","952.09"
"Average Weekly Earnings","2013Q2","50 - 250","Professional, scientific and technical activities (M)","Euro","937.31"
"Average Weekly Earnings","2013Q2","50 - 250","Administrative and support service activities (N)","Euro","530.54"
"Average Weekly Earnings","2013Q2","50 - 250","Public administration and defence; compulsory social security (O)","Euro","1077.58"
"Average Weekly Earnings","2013Q2","50 - 250","Education (P)","Euro","584.43"
"Average Weekly Earnings","2013Q2","50 - 250","Human health and social work activities (Q)","Euro","463.27"
"Average Weekly Earnings","2013Q2","50 - 250","Industry (B to E)","Euro","734.46"
"Average Weekly Earnings","2013Q2","50 - 250","Financial, insurance and real estate activities (K,L)","Euro","1041.13"
"Average Weekly Earnings","2013Q2","50 - 250","Arts, entertainment, recreation and other service activities (R,S)","Euro","522.08"
"Average Weekly Earnings","2013Q3","50 - 250","All NACE economic sectors","Euro","621.59"
"Average Weekly Earnings","2013Q3","50 - 250","Construction (F)","Euro","940.3"
"Average Weekly Earnings","2013Q3","50 - 250","Wholesale and retail trade; repair of motor vehicles and motorcycles (G)","Euro","562.07"
"Average Weekly Earnings","2013Q3","50 - 250","Transportation and storage (H)","Euro","705.84"
"Average Weekly Earnings","2013Q3","50 - 250","Accommodation and food service activities (I)","Euro","358.32"
"Average Weekly Earnings","2013Q3","50 - 250","Information and communication (J)","Euro","936.44"
"Average Weekly Earnings","2013Q3","50 - 250","Professional, scientific and technical activities (M)","Euro","922.89"
"Average Weekly Earnings","2013Q3","50 - 250","Administrative and support service activities (N)","Euro","563.49"
"Average Weekly Earnings","2013Q3","50 - 250","Public administration and defence; compulsory social security (O)","Euro","1061.25"
"Average Weekly Earnings","2013Q3","50 - 250","Education (P)","Euro","448.43"
"Average Weekly Earnings","2013Q3","50 - 250","Human health and social work activities (Q)","Euro","464.41"
"Average Weekly Earnings","2013Q3","50 - 250","Industry (B to E)","Euro","729.26"
"Average Weekly Earnings","2013Q3","50 - 250","Financial, insurance and real estate activities (K,L)","Euro","996.3"
"Average Weekly Earnings","2013Q3","50 - 250","Arts, entertainment, recreation and other service activities (R,S)","Euro","521.51"
"Average Weekly Earnings","2013Q4","50 - 250","All NACE economic sectors","Euro","647.11"
"Average Weekly Earnings","2013Q4","50 - 250","Construction (F)","Euro","962.22"
"Average Weekly Earnings","2013Q4","50 - 250","Wholesale and retail trade; repair of motor vehicles and motorcycles (G)","Euro","578.81"
"Average Weekly Earnings","2013Q4","50 - 250","Transportation and storage (H)","Euro","779.02"
"Average Weekly Earnings","2013Q4","50 - 250","Accommodation and food service activities (I)","Euro","357.41"
"Average Weekly Earnings","2013Q4","50 - 250","Information and communication (J)","Euro","975.99"
"Average Weekly Earnings","2013Q4","50 - 250","Professional, scientific and technical activities (M)","Euro","944.47"
"Average Weekly Earnings","2013Q4","50 - 250","Administrative and support service activities (N)","Euro","566.23"
"Average Weekly Earnings","2013Q4","50 - 250","Public administration and defence; compulsory social security (O)","Euro","1052.95"
"Average Weekly Earnings","2013Q4","50 - 250","Education (P)","Euro","562.73"
"Average Weekly Earnings","2013Q4","50 - 250","Human health and social work activities (Q)","Euro","489.95"
"Average Weekly Earnings","2013Q4","50 - 250","Industry (B to E)","Euro","761.56"
"Average Weekly Earnings","2013Q4","50 - 250","Financial, insurance and real estate activities (K,L)","Euro","1016.33"
"Average Weekly Earnings","2013Q4","50 - 250","Arts, entertainment, recreation and other service activities (R,S)","Euro","569.49"
"Average Weekly Earnings","2014Q1","50 - 250","All NACE economic sectors","Euro","637.75"
"Average Weekly Earnings","2014Q1","50 - 250","Construction (F)","Euro","876.06"
"Average Weekly Earnings","2014Q1","50 - 250","Wholesale and retail trade; repair of motor vehicles and motorcycles (G)","Euro","562.63"
"Average Weekly Earnings","2014Q1","50 - 250","Transportation and storage (H)","Euro","698.72"
"Average Weekly Earnings","2014Q1","50 - 250","Accommodation and food service activities (I)","Euro","327.61"
"Average Weekly Earnings","2014Q1","50 - 250","Information and communication (J)","Euro","983.12"
"Average Weekly Earnings","2014Q1","50 - 250","Professional, scientific and technical activities (M)","Euro","965.9"
"Average Weekly Earnings","2014Q1","50 - 250","Administrative and support service activities (N)","Euro","599.83"
"Average Weekly Earnings","2014Q1","50 - 250","Public administration and defence; compulsory social security (O)","Euro","1077.66"
"Average Weekly Earnings","2014Q1","50 - 250","Education (P)","Euro","554.42"
"Average Weekly Earnings","2014Q1","50 - 250","Human health and social work activities (Q)","Euro","458.43"
"Average Weekly Earnings","2014Q1","50 - 250","Industry (B to E)","Euro","750.08"
"Average Weekly Earnings","2014Q1","50 - 250","Financial, insurance and real estate activities (K,L)","Euro","1148.66"
"Average Weekly Earnings","2014Q1","50 - 250","Arts, entertainment, recreation and other service activities (R,S)","Euro","555.33"
"Average Weekly Earnings","2014Q2","50 - 250","All NACE economic sectors","Euro","634.91"
"Average Weekly Earnings","2014Q2","50 - 250","Construction (F)","Euro","855.76"
"Average Weekly Earnings","2014Q2","50 - 250","Wholesale and retail trade; repair of motor vehicles and motorcycles (G)","Euro","581.25"
"Average Weekly Earnings","2014Q2","50 - 250","Transportation and storage (H)","Euro","711.83"
"Average Weekly Earnings","2014Q2","50 - 250","Accommodation and food service activities (I)","Euro","354.75"
"Average Weekly Earnings","2014Q2","50 - 250","Information and communication (J)","Euro","962.31"
"Average Weekly Earnings","2014Q2","50 - 250","Professional, scientific and technical activities (M)","Euro","936.4"
"Average Weekly Earnings","2014Q2","50 - 250","Administrative and support service activities (N)","Euro","579.03"
"Average Weekly Earnings","2014Q2","50 - 250","Public administration and defence; compulsory social security (O)","Euro","1115.57"
"Average Weekly Earnings","2014Q2","50 - 250","Education (P)","Euro","530.9"
"Average Weekly Earnings","2014Q2","50 - 250","Human health and social work activities (Q)","Euro","469.76"
"Average Weekly Earnings","2014Q2","50 - 250","Industry (B to E)","Euro","756.35"
"Average Weekly Earnings","2014Q2","50 - 250","Financial, insurance and real estate activities (K,L)","Euro","1032.01"
"Average Weekly Earnings","2014Q2","50 - 250","Arts, entertainment, recreation and other service activities (R,S)","Euro","520.2"
"Average Weekly Earnings","2014Q3","50 - 250","All NACE economic sectors","Euro","625.78"
"Average Weekly Earnings","2014Q3","50 - 250","Construction (F)","Euro","900.43"
"Average Weekly Earnings","2014Q3","50 - 250","Wholesale and retail trade; repair of motor vehicles and motorcycles (G)","Euro","571.11"
"Average Weekly Earnings","2014Q3","50 - 250","Transportation and storage (H)","Euro","708.5"
"Average Weekly Earnings","2014Q3","50 - 250","Accommodation and food service activities (I)","Euro","358.34"
"Average Weekly Earnings","2014Q3","50 - 250","Information and communication (J)","Euro","954.79"
"Average Weekly Earnings","2014Q3","50 - 250","Professional, scientific and technical activities (M)","Euro","935.35"
"Average Weekly Earnings","2014Q3","50 - 250","Administrative and support service activities (N)","Euro","587.4"
"Average Weekly Earnings","2014Q3","50 - 250","Public administration and defence; compulsory social security (O)","Euro","1106.35"
"Average Weekly Earnings","2014Q3","50 - 250","Education (P)","Euro","400.02"
"Average Weekly Earnings","2014Q3","50 - 250","Human health and social work activities (Q)","Euro","474.72"
"Average Weekly Earnings","2014Q3","50 - 250","Industry (B to E)","Euro","746.92"
"Average Weekly Earnings","2014Q3","50 - 250","Financial, insurance and real estate activities (K,L)","Euro","1014.34"
"Average Weekly Earnings","2014Q3","50 - 250","Arts, entertainment, recreation and other service activities (R,S)","Euro","546.23"
"Average Weekly Earnings","2014Q4","50 - 250","All NACE economic sectors","Euro","653.43"
"Average Weekly Earnings","2014Q4","50 - 250","Construction (F)","Euro","918.74"
"Average Weekly Earnings","2014Q4","50 - 250","Wholesale and retail trade; repair of motor vehicles and motorcycles (G)","Euro","595.32"
"Average Weekly Earnings","2014Q4","50 - 250","Transportation and storage (H)","Euro","726.93"
"Average Weekly Earnings","2014Q4","50 - 250","Accommodation and food service activities (I)","Euro","353.61"
"Average Weekly Earnings","2014Q4","50 - 250","Information and communication (J)","Euro","983.12"
"Average Weekly Earnings","2014Q4","50 - 250","Professional, scientific and technical activities (M)","Euro","982.54"
"Average Weekly Earnings","2014Q4","50 - 250","Administrative and support service activities (N)","Euro","608.07"
"Average Weekly Earnings","2014Q4","50 - 250","Public administration and defence; compulsory social security (O)","Euro","1102.83"
"Average Weekly Earnings","2014Q4","50 - 250","Education (P)","Euro","568.79"
"Average Weekly Earnings","2014Q4","50 - 250","Human health and social work activities (Q)","Euro","489.57"
"Average Weekly Earnings","2014Q4","50 - 250","Industry (B to E)","Euro","767.83"
"Average Weekly Earnings","2014Q4","50 - 250","Financial, insurance and real estate activities (K,L)","Euro","1039.36"
"Average Weekly Earnings","2014Q4","50 - 250","Arts, entertainment, recreation and other service activities (R,S)","Euro","546.71"
"Average Weekly Earnings","2015Q1","50 - 250","All NACE economic sectors","Euro","650.22"
"Average Weekly Earnings","2015Q1","50 - 250","Construction (F)","Euro","883.64"
"Average Weekly Earnings","2015Q1","50 - 250","Wholesale and retail trade; repair of motor vehicles and motorcycles (G)","Euro","577.73"
"Average Weekly Earnings","2015Q1","50 - 250","Transportation and storage (H)","Euro","674.85"
"Average Weekly Earnings","2015Q1","50 - 250","Accommodation and food service activities (I)","Euro","322.18"
"Average Weekly Earnings","2015Q1","50 - 250","Information and communication (J)","Euro","1064.25"
"Average Weekly Earnings","2015Q1","50 - 250","Professional, scientific and technical activities (M)","Euro","1002.59"
"Average Weekly Earnings","2015Q1","50 - 250","Administrative and support service activities (N)","Euro","543.61"
"Average Weekly Earnings","2015Q1","50 - 250","Public administration and defence; compulsory social security (O)","Euro","1109.45"
"Average Weekly Earnings","2015Q1","50 - 250","Education (P)","Euro","539.12"
"Average Weekly Earnings","2015Q1","50 - 250","Human health and social work activities (Q)","Euro","468.84"
"Average Weekly Earnings","2015Q1","50 - 250","Industry (B to E)","Euro","756.85"
"Average Weekly Earnings","2015Q1","50 - 250","Financial, insurance and real estate activities (K,L)","Euro","1267.02"
"Average Weekly Earnings","2015Q1","50 - 250","Arts, entertainment, recreation and other service activities (R,S)","Euro","550.16"
"Average Weekly Earnings","2015Q2","50 - 250","All NACE economic sectors","Euro","657.69"
"Average Weekly Earnings","2015Q2","50 - 250","Construction (F)","Euro","907.25"
"Average Weekly Earnings","2015Q2","50 - 250","Wholesale and retail trade; repair of motor vehicles and motorcycles (G)","Euro","593.32"
"Average Weekly Earnings","2015Q2","50 - 250","Transportation and storage (H)","Euro","710.14"
"Average Weekly Earnings","2015Q2","50 - 250","Accommodation and food service activities (I)","Euro","353.02"
"Average Weekly Earnings","2015Q2","50 - 250","Information and communication (J)","Euro","1067.42"
"Average Weekly Earnings","2015Q2","50 - 250","Professional, scientific and technical activities (M)","Euro","958.07"
"Average Weekly Earnings","2015Q2","50 - 250","Administrative and support service activities (N)","Euro","599.98"
"Average Weekly Earnings","2015Q2","50 - 250","Public administration and defence; compulsory social security (O)","Euro","1090.46"
"Average Weekly Earnings","2015Q2","50 - 250","Education (P)","Euro","573.96"
"Average Weekly Earnings","2015Q2","50 - 250","Human health and social work activities (Q)","Euro","491.77"
"Average Weekly Earnings","2015Q2","50 - 250","Industry (B to E)","Euro","756.76"
"Average Weekly Earnings","2015Q2","50 - 250","Financial, insurance and real estate activities (K,L)","Euro","1109.41"
"Average Weekly Earnings","2015Q2","50 - 250","Arts, entertainment, recreation and other service activities (R,S)","Euro","598.71"
"Average Weekly Earnings","2015Q3","50 - 250","All NACE economic sectors","Euro","651.06"
"Average Weekly Earnings","2015Q3","50 - 250","Construction (F)","Euro","891.9"
"Average Weekly Earnings","2015Q3","50 - 250","Wholesale and retail trade; repair of motor vehicles and motorcycles (G)","Euro","578.67"
"Average Weekly Earnings","2015Q3","50 - 250","Transportation and storage (H)","Euro","720.23"
"Average Weekly Earnings","2015Q3","50 - 250","Accommodation and food service activities (I)","Euro","363.36"
"Average Weekly Earnings","2015Q3","50 - 250","Information and communication (J)","Euro","1020.52"
"Average Weekly Earnings","2015Q3","50 - 250","Professional, scientific and technical activities (M)","Euro","938.99"
"Average Weekly Earnings","2015Q3","50 - 250","Administrative and support service activities (N)","Euro","597.58"
"Average Weekly Earnings","2015Q3","50 - 250","Public administration and defence; compulsory social security (O)","Euro","1106.76"
"Average Weekly Earnings","2015Q3","50 - 250","Education (P)","Euro","552.17"
"Average Weekly Earnings","2015Q3","50 - 250","Human health and social work activities (Q)","Euro","477.78"
"Average Weekly Earnings","2015Q3","50 - 250","Industry (B to E)","Euro","757.1"
"Average Weekly Earnings","2015Q3","50 - 250","Financial, insurance and real estate activities (K,L)","Euro","1029.95"
"Average Weekly Earnings","2015Q3","50 - 250","Arts, entertainment, recreation and other service activities (R,S)","Euro","576.94"
"Average Weekly Earnings","2015Q4","50 - 250","All NACE economic sectors","Euro","667.29"
"Average Weekly Earnings","2015Q4","50 - 250","Construction (F)","Euro","898.54"
"Average Weekly Earnings","2015Q4","50 - 250","Wholesale and retail trade; repair of motor vehicles and motorcycles (G)","Euro","593"
"Average Weekly Earnings","2015Q4","50 - 250","Transportation and storage (H)","Euro","692.88"
"Average Weekly Earnings","2015Q4","50 - 250","Accommodation and food service activities (I)","Euro","361.9"
"Average Weekly Earnings","2015Q4","50 - 250","Information and communication (J)","Euro","1036.99"
"Average Weekly Earnings","2015Q4","50 - 250","Professional, scientific and technical activities (M)","Euro","942.57"
"Average Weekly Earnings","2015Q4","50 - 250","Administrative and support service activities (N)","Euro","645.14"
"Average Weekly Earnings","2015Q4","50 - 250","Public administration and defence; compulsory social security (O)","Euro","1096.17"
"Average Weekly Earnings","2015Q4","50 - 250","Education (P)","Euro","568.91"
"Average Weekly Earnings","2015Q4","50 - 250","Human health and social work activities (Q)","Euro","503.12"
"Average Weekly Earnings","2015Q4","50 - 250","Industry (B to E)","Euro","796.08"
"Average Weekly Earnings","2015Q4","50 - 250","Financial, insurance and real estate activities (K,L)","Euro","1103.01"
"Average Weekly Earnings","2015Q4","50 - 250","Arts, entertainment, recreation and other service activities (R,S)","Euro","570.72"
"Average Weekly Earnings","2016Q1","50 - 250","All NACE economic sectors","Euro","667.13"
"Average Weekly Earnings","2016Q1","50 - 250","Construction (F)","Euro","894.79"
"Average Weekly Earnings","2016Q1","50 - 250","Wholesale and retail trade; repair of motor vehicles and motorcycles (G)","Euro","587.38"
"Average Weekly Earnings","2016Q1","50 - 250","Transportation and storage (H)","Euro","674.62"
"Average Weekly Earnings","2016Q1","50 - 250","Accommodation and food service activities (I)","Euro","341.91"
"Average Weekly Earnings","2016Q1","50 - 250","Information and communication (J)","Euro","1113.47"
"Average Weekly Earnings","2016Q1","50 - 250","Professional, scientific and technical activities (M)","Euro","976.6"
"Average Weekly Earnings","2016Q1","50 - 250","Administrative and support service activities (N)","Euro","615.84"
"Average Weekly Earnings","2016Q1","50 - 250","Public administration and defence; compulsory social security (O)","Euro","1068.55"
"Average Weekly Earnings","2016Q1","50 - 250","Education (P)","Euro","532.17"
"Average Weekly Earnings","2016Q1","50 - 250","Human health and social work activities (Q)","Euro","473"
"Average Weekly Earnings","2016Q1","50 - 250","Industry (B to E)","Euro","790.76"
"Average Weekly Earnings","2016Q1","50 - 250","Financial, insurance and real estate activities (K,L)","Euro","1356.9"
"Average Weekly Earnings","2016Q1","50 - 250","Arts, entertainment, recreation and other service activities (R,S)","Euro","549.93"
"Average Weekly Earnings","2016Q2","50 - 250","All NACE economic sectors","Euro","656.45"
"Average Weekly Earnings","2016Q2","50 - 250","Construction (F)","Euro","923.49"
"Average Weekly Earnings","2016Q2","50 - 250","Wholesale and retail trade; repair of motor vehicles and motorcycles (G)","Euro","615.45"
"Average Weekly Earnings","2016Q2","50 - 250","Transportation and storage (H)","Euro","716.08"
"Average Weekly Earnings","2016Q2","50 - 250","Accommodation and food service activities (I)","Euro","364.07"
"Average Weekly Earnings","2016Q2","50 - 250","Information and communication (J)","Euro","1047.1"
"Average Weekly Earnings","2016Q2","50 - 250","Professional, scientific and technical activities (M)","Euro","941.94"
"Average Weekly Earnings","2016Q2","50 - 250","Administrative and support service activities (N)","Euro","596.3"
"Average Weekly Earnings","2016Q2","50 - 250","Public administration and defence; compulsory social security (O)","Euro","1097.09"
"Average Weekly Earnings","2016Q2","50 - 250","Education (P)","Euro","501.05"
"Average Weekly Earnings","2016Q2","50 - 250","Human health and social work activities (Q)","Euro","482.64"
"Average Weekly Earnings","2016Q2","50 - 250","Industry (B to E)","Euro","755.63"
"Average Weekly Earnings","2016Q2","50 - 250","Financial, insurance and real estate activities (K,L)","Euro","1112.65"
"Average Weekly Earnings","2016Q2","50 - 250","Arts, entertainment, recreation and other service activities (R,S)","Euro","534.94"
"Average Weekly Earnings","2016Q3","50 - 250","All NACE economic sectors","Euro","644.89"
"Average Weekly Earnings","2016Q3","50 - 250","Construction (F)","Euro","929.3"
"Average Weekly Earnings","2016Q3","50 - 250","Wholesale and retail trade; repair of motor vehicles and motorcycles (G)","Euro","578.57"
"Average Weekly Earnings","2016Q3","50 - 250","Transportation and storage (H)","Euro","732.54"
"Average Weekly Earnings","2016Q3","50 - 250","Accommodation and food service activities (I)","Euro","369.38"
"Average Weekly Earnings","2016Q3","50 - 250","Information and communication (J)","Euro","1063.25"
"Average Weekly Earnings","2016Q3","50 - 250","Professional, scientific and technical activities (M)","Euro","953.96"
"Average Weekly Earnings","2016Q3","50 - 250","Administrative and support service activities (N)","Euro","617.7"
"Average Weekly Earnings","2016Q3","50 - 250","Public administration and defence; compulsory social security (O)","Euro","1064.21"
"Average Weekly Earnings","2016Q3","50 - 250","Education (P)","Euro","483.16"
"Average Weekly Earnings","2016Q3","50 - 250","Human health and social work activities (Q)","Euro","489.9"
"Average Weekly Earnings","2016Q3","50 - 250","Industry (B to E)","Euro","744.75"
"Average Weekly Earnings","2016Q3","50 - 250","Financial, insurance and real estate activities (K,L)","Euro","1040.95"
"Average Weekly Earnings","2016Q3","50 - 250","Arts, entertainment, recreation and other service activities (R,S)","Euro","529.1"
"Average Weekly Earnings","2016Q4","50 - 250","All NACE economic sectors","Euro","656.41"
"Average Weekly Earnings","2016Q4","50 - 250","Construction (F)","Euro","937.92"
"Average Weekly Earnings","2016Q4","50 - 250","Wholesale and retail trade; repair of motor vehicles and motorcycles (G)","Euro","593.3"
"Average Weekly Earnings","2016Q4","50 - 250","Transportation and storage (H)","Euro","726.7"
"Average Weekly Earnings","2016Q4","50 - 250","Accommodation and food service activities (I)","Euro","371.45"
"Average Weekly Earnings","2016Q4","50 - 250","Information and communication (J)","Euro","1046.52"
"Average Weekly Earnings","2016Q4","50 - 250","Professional, scientific and technical activities (M)","Euro","967.08"
"Average Weekly Earnings","2016Q4","50 - 250","Administrative and support service activities (N)","Euro","627.29"
"Average Weekly Earnings","2016Q4","50 - 250","Public administration and defence; compulsory social security (O)","Euro","1051.85"
"Average Weekly Earnings","2016Q4","50 - 250","Education (P)","Euro","563.02"
"Average Weekly Earnings","2016Q4","50 - 250","Human health and social work activities (Q)","Euro","479.69"
"Average Weekly Earnings","2016Q4","50 - 250","Industry (B to E)","Euro","770.54"
"Average Weekly Earnings","2016Q4","50 - 250","Financial, insurance and real estate activities (K,L)","Euro","1074.15"
"Average Weekly Earnings","2016Q4","50 - 250","Arts, entertainment, recreation and other service activities (R,S)","Euro","466.15"
"Average Weekly Earnings","2017Q1","50 - 250","All NACE economic sectors","Euro","661.6"
"Average Weekly Earnings","2017Q1","50 - 250","Construction (F)","Euro","899.34"
"Average Weekly Earnings","2017Q1","50 - 250","Wholesale and retail trade; repair of motor vehicles and motorcycles (G)","Euro","590.94"
"Average Weekly Earnings","2017Q1","50 - 250","Transportation and storage (H)","Euro","702.63"
"Average Weekly Earnings","2017Q1","50 - 250","Accommodation and food service activities (I)","Euro","344.38"
"Average Weekly Earnings","2017Q1","50 - 250","Information and communication (J)","Euro","1101.01"
"Average Weekly Earnings","2017Q1","50 - 250","Professional, scientific and technical activities (M)","Euro","982.04"
"Average Weekly Earnings","2017Q1","50 - 250","Administrative and support service activities (N)","Euro","630.97"
"Average Weekly Earnings","2017Q1","50 - 250","Public administration and defence; compulsory social security (O)","Euro","1074.07"
"Average Weekly Earnings","2017Q1","50 - 250","Education (P)","Euro","541.47"
"Average Weekly Earnings","2017Q1","50 - 250","Human health and social work activities (Q)","Euro","469.52"
"Average Weekly Earnings","2017Q1","50 - 250","Industry (B to E)","Euro","770.33"
"Average Weekly Earnings","2017Q1","50 - 250","Financial, insurance and real estate activities (K,L)","Euro","1260.78"
"Average Weekly Earnings","2017Q1","50 - 250","Arts, entertainment, recreation and other service activities (R,S)","Euro","546.22"
"Average Weekly Earnings","2017Q2","50 - 250","All NACE economic sectors","Euro","662.93"
"Average Weekly Earnings","2017Q2","50 - 250","Construction (F)","Euro","881.89"
"Average Weekly Earnings","2017Q2","50 - 250","Wholesale and retail trade; repair of motor vehicles and motorcycles (G)","Euro","612.24"
"Average Weekly Earnings","2017Q2","50 - 250","Transportation and storage (H)","Euro","726.56"
"Average Weekly Earnings","2017Q2","50 - 250","Accommodation and food service activities (I)","Euro","371.29"
"Average Weekly Earnings","2017Q2","50 - 250","Information and communication (J)","Euro","1055.27"
"Average Weekly Earnings","2017Q2","50 - 250","Professional, scientific and technical activities (M)","Euro","1025.73"
"Average Weekly Earnings","2017Q2","50 - 250","Administrative and support service activities (N)","Euro","643.53"
"Average Weekly Earnings","2017Q2","50 - 250","Public administration and defence; compulsory social security (O)","Euro","1111.16"
"Average Weekly Earnings","2017Q2","50 - 250","Education (P)","Euro","500.22"
"Average Weekly Earnings","2017Q2","50 - 250","Human health and social work activities (Q)","Euro","480.94"
"Average Weekly Earnings","2017Q2","50 - 250","Industry (B to E)","Euro","753.82"
"Average Weekly Earnings","2017Q2","50 - 250","Financial, insurance and real estate activities (K,L)","Euro","1101.46"
"Average Weekly Earnings","2017Q2","50 - 250","Arts, entertainment, recreation and other service activities (R,S)","Euro","570.12"
"Average Weekly Earnings","2017Q3","50 - 250","All NACE economic sectors","Euro","659.55"
"Average Weekly Earnings","2017Q3","50 - 250","Construction (F)","Euro","900.54"
"Average Weekly Earnings","2017Q3","50 - 250","Wholesale and retail trade; repair of motor vehicles and motorcycles (G)","Euro","601.64"
"Average Weekly Earnings","2017Q3","50 - 250","Transportation and storage (H)","Euro","720.6"
"Average Weekly Earnings","2017Q3","50 - 250","Accommodation and food service activities (I)","Euro","380.85"
"Average Weekly Earnings","2017Q3","50 - 250","Information and communication (J)","Euro","1072.82"
"Average Weekly Earnings","2017Q3","50 - 250","Professional, scientific and technical activities (M)","Euro","970.58"
"Average Weekly Earnings","2017Q3","50 - 250","Administrative and support service activities (N)","Euro","625.88"
"Average Weekly Earnings","2017Q3","50 - 250","Public administration and defence; compulsory social security (O)","Euro","1064.56"
"Average Weekly Earnings","2017Q3","50 - 250","Education (P)","Euro","486.04"
"Average Weekly Earnings","2017Q3","50 - 250","Human health and social work activities (Q)","Euro","480.07"
"Average Weekly Earnings","2017Q3","50 - 250","Industry (B to E)","Euro","763.42"
"Average Weekly Earnings","2017Q3","50 - 250","Financial, insurance and real estate activities (K,L)","Euro","1043.04"
"Average Weekly Earnings","2017Q3","50 - 250","Arts, entertainment, recreation and other service activities (R,S)","Euro","584.75"
"Average Weekly Earnings","2017Q4","50 - 250","All NACE economic sectors","Euro","678.24"
"Average Weekly Earnings","2017Q4","50 - 250","Construction (F)","Euro","962.63"
"Average Weekly Earnings","2017Q4","50 - 250","Wholesale and retail trade; repair of motor vehicles and motorcycles (G)","Euro","624.01"
"Average Weekly Earnings","2017Q4","50 - 250","Transportation and storage (H)","Euro","728.49"
"Average Weekly Earnings","2017Q4","50 - 250","Accommodation and food service activities (I)","Euro","376.86"
"Average Weekly Earnings","2017Q4","50 - 250","Information and communication (J)","Euro","1060.32"
"Average Weekly Earnings","2017Q4","50 - 250","Professional, scientific and technical activities (M)","Euro","1025.5"
"Average Weekly Earnings","2017Q4","50 - 250","Administrative and support service activities (N)","Euro","654.34"
"Average Weekly Earnings","2017Q4","50 - 250","Public administration and defence; compulsory social security (O)","Euro","1075.36"
"Average Weekly Earnings","2017Q4","50 - 250","Education (P)","Euro","532.42"
"Average Weekly Earnings","2017Q4","50 - 250","Human health and social work activities (Q)","Euro","496.19"
"Average Weekly Earnings","2017Q4","50 - 250","Industry (B to E)","Euro","784.66"
"Average Weekly Earnings","2017Q4","50 - 250","Financial, insurance and real estate activities (K,L)","Euro","1132.76"
"Average Weekly Earnings","2017Q4","50 - 250","Arts, entertainment, recreation and other service activities (R,S)","Euro","609.43"
"Average Weekly Earnings","2018Q1","50 - 250","All NACE economic sectors","Euro","690.79"
"Average Weekly Earnings","2018Q1","50 - 250","Construction (F)","Euro","902.2"
"Average Weekly Earnings","2018Q1","50 - 250","Wholesale and retail trade; repair of motor vehicles and motorcycles (G)","Euro","617.6"
"Average Weekly Earnings","2018Q1","50 - 250","Transportation and storage (H)","Euro","705.07"
"Average Weekly Earnings","2018Q1","50 - 250","Accommodation and food service activities (I)","Euro","345.29"
"Average Weekly Earnings","2018Q1","50 - 250","Information and communication (J)","Euro","1176.01"
"Average Weekly Earnings","2018Q1","50 - 250","Professional, scientific and technical activities (M)","Euro","988.95"
"Average Weekly Earnings","2018Q1","50 - 250","Administrative and support service activities (N)","Euro","701.09"
"Average Weekly Earnings","2018Q1","50 - 250","Public administration and defence; compulsory social security (O)","Euro","1080.25"
"Average Weekly Earnings","2018Q1","50 - 250","Education (P)","Euro","529.35"
"Average Weekly Earnings","2018Q1","50 - 250","Human health and social work activities (Q)","Euro","497.21"
"Average Weekly Earnings","2018Q1","50 - 250","Industry (B to E)","Euro","794.17"
"Average Weekly Earnings","2018Q1","50 - 250","Financial, insurance and real estate activities (K,L)","Euro","1406.34"
"Average Weekly Earnings","2018Q1","50 - 250","Arts, entertainment, recreation and other service activities (R,S)","Euro","565.72"
"Average Weekly Earnings","2018Q2","50 - 250","All NACE economic sectors","Euro","697.77"
"Average Weekly Earnings","2018Q2","50 - 250","Construction (F)","Euro","918.29"
"Average Weekly Earnings","2018Q2","50 - 250","Wholesale and retail trade; repair of motor vehicles and motorcycles (G)","Euro","655.32"
"Average Weekly Earnings","2018Q2","50 - 250","Transportation and storage (H)","Euro","739.98"
"Average Weekly Earnings","2018Q2","50 - 250","Accommodation and food service activities (I)","Euro","375.43"
"Average Weekly Earnings","2018Q2","50 - 250","Information and communication (J)","Euro","1135.4"
"Average Weekly Earnings","2018Q2","50 - 250","Professional, scientific and technical activities (M)","Euro","1037.36"
"Average Weekly Earnings","2018Q2","50 - 250","Administrative and support service activities (N)","Euro","635.55"
"Average Weekly Earnings","2018Q2","50 - 250","Public administration and defence; compulsory social security (O)","Euro","1098.74"
"Average Weekly Earnings","2018Q2","50 - 250","Education (P)","Euro","527.72"
"Average Weekly Earnings","2018Q2","50 - 250","Human health and social work activities (Q)","Euro","495.47"
"Average Weekly Earnings","2018Q2","50 - 250","Industry (B to E)","Euro","797.97"
"Average Weekly Earnings","2018Q2","50 - 250","Financial, insurance and real estate activities (K,L)","Euro","1137.78"
"Average Weekly Earnings","2018Q2","50 - 250","Arts, entertainment, recreation and other service activities (R,S)","Euro","593.92"
"Average Weekly Earnings","2018Q3","50 - 250","All NACE economic sectors","Euro","683.89"
"Average Weekly Earnings","2018Q3","50 - 250","Construction (F)","Euro","927.49"
"Average Weekly Earnings","2018Q3","50 - 250","Wholesale and retail trade; repair of motor vehicles and motorcycles (G)","Euro","643.43"
"Average Weekly Earnings","2018Q3","50 - 250","Transportation and storage (H)","Euro","691.59"
"Average Weekly Earnings","2018Q3","50 - 250","Accommodation and food service activities (I)","Euro","395.61"
"Average Weekly Earnings","2018Q3","50 - 250","Information and communication (J)","Euro","1115.92"
"Average Weekly Earnings","2018Q3","50 - 250","Professional, scientific and technical activities (M)","Euro","975.17"
"Average Weekly Earnings","2018Q3","50 - 250","Administrative and support service activities (N)","Euro","663.98"
"Average Weekly Earnings","2018Q3","50 - 250","Public administration and defence; compulsory social security (O)","Euro","1063.73"
"Average Weekly Earnings","2018Q3","50 - 250","Education (P)","Euro","509.35"
"Average Weekly Earnings","2018Q3","50 - 250","Human health and social work activities (Q)","Euro","500.06"
"Average Weekly Earnings","2018Q3","50 - 250","Industry (B to E)","Euro","788.31"
"Average Weekly Earnings","2018Q3","50 - 250","Financial, insurance and real estate activities (K,L)","Euro","1081.59"
"Average Weekly Earnings","2018Q3","50 - 250","Arts, entertainment, recreation and other service activities (R,S)","Euro","579.27"
"Average Weekly Earnings","2018Q4","50 - 250","All NACE economic sectors","Euro","698.83"
"Average Weekly Earnings","2018Q4","50 - 250","Construction (F)","Euro","990.9"
"Average Weekly Earnings","2018Q4","50 - 250","Wholesale and retail trade; repair of motor vehicles and motorcycles (G)","Euro","634.68"
"Average Weekly Earnings","2018Q4","50 - 250","Transportation and storage (H)","Euro","745.03"
"Average Weekly Earnings","2018Q4","50 - 250","Accommodation and food service activities (I)","Euro","375.66"
"Average Weekly Earnings","2018Q4","50 - 250","Information and communication (J)","Euro","1110.33"
"Average Weekly Earnings","2018Q4","50 - 250","Professional, scientific and technical activities (M)","Euro","989.08"
"Average Weekly Earnings","2018Q4","50 - 250","Administrative and support service activities (N)","Euro","705.62"
"Average Weekly Earnings","2018Q4","50 - 250","Public administration and defence; compulsory social security (O)","Euro","1080.59"
"Average Weekly Earnings","2018Q4","50 - 250","Education (P)","Euro","529.09"
"Average Weekly Earnings","2018Q4","50 - 250","Human health and social work activities (Q)","Euro","509.12"
"Average Weekly Earnings","2018Q4","50 - 250","Industry (B to E)","Euro","803.33"
"Average Weekly Earnings","2018Q4","50 - 250","Financial, insurance and real estate activities (K,L)","Euro","1128.9"
"Average Weekly Earnings","2018Q4","50 - 250","Arts, entertainment, recreation and other service activities (R,S)","Euro","610.99"
"Average Weekly Earnings","2019Q1","50 - 250","All NACE economic sectors","Euro","724.4"
"Average Weekly Earnings","2019Q1","50 - 250","Construction (F)","Euro","963.9"
"Average Weekly Earnings","2019Q1","50 - 250","Wholesale and retail trade; repair of motor vehicles and motorcycles (G)","Euro","647.45"
"Average Weekly Earnings","2019Q1","50 - 250","Transportation and storage (H)","Euro","709.27"
"Average Weekly Earnings","2019Q1","50 - 250","Accommodation and food service activities (I)","Euro","367.53"
"Average Weekly Earnings","2019Q1","50 - 250","Information and communication (J)","Euro","1217.14"
"Average Weekly Earnings","2019Q1","50 - 250","Professional, scientific and technical activities (M)","Euro","1032.41"
"Average Weekly Earnings","2019Q1","50 - 250","Administrative and support service activities (N)","Euro","798.65"
"Average Weekly Earnings","2019Q1","50 - 250","Public administration and defence; compulsory social security (O)","Euro","1077.29"
"Average Weekly Earnings","2019Q1","50 - 250","Education (P)","Euro","511.58"
"Average Weekly Earnings","2019Q1","50 - 250","Human health and social work activities (Q)","Euro","492.6"
"Average Weekly Earnings","2019Q1","50 - 250","Industry (B to E)","Euro","829.67"
"Average Weekly Earnings","2019Q1","50 - 250","Financial, insurance and real estate activities (K,L)","Euro","1389.69"
"Average Weekly Earnings","2019Q1","50 - 250","Arts, entertainment, recreation and other service activities (R,S)","Euro","609.44"
"Average Weekly Earnings","2019Q2","50 - 250","All NACE economic sectors","Euro","715.24"
"Average Weekly Earnings","2019Q2","50 - 250","Construction (F)","Euro","991.05"
"Average Weekly Earnings","2019Q2","50 - 250","Wholesale and retail trade; repair of motor vehicles and motorcycles (G)","Euro","665.51"
"Average Weekly Earnings","2019Q2","50 - 250","Transportation and storage (H)","Euro","734.23"
"Average Weekly Earnings","2019Q2","50 - 250","Accommodation and food service activities (I)","Euro","391.99"
"Average Weekly Earnings","2019Q2","50 - 250","Information and communication (J)","Euro","1185.92"
"Average Weekly Earnings","2019Q2","50 - 250","Professional, scientific and technical activities (M)","Euro","1044.23"
"Average Weekly Earnings","2019Q2","50 - 250","Administrative and support service activities (N)","Euro","674.72"
"Average Weekly Earnings","2019Q2","50 - 250","Public administration and defence; compulsory social security (O)","Euro","1103.47"
"Average Weekly Earnings","2019Q2","50 - 250","Education (P)","Euro","513.16"
"Average Weekly Earnings","2019Q2","50 - 250","Human health and social work activities (Q)","Euro","495.9"
"Average Weekly Earnings","2019Q2","50 - 250","Industry (B to E)","Euro","813.3"
"Average Weekly Earnings","2019Q2","50 - 250","Financial, insurance and real estate activities (K,L)","Euro","1198.18"
"Average Weekly Earnings","2019Q2","50 - 250","Arts, entertainment, recreation and other service activities (R,S)","Euro","599.59"
"Average Weekly Earnings","2019Q3","50 - 250","All NACE economic sectors","Euro","705.92"
"Average Weekly Earnings","2019Q3","50 - 250","Construction (F)","Euro","1013.29"
"Average Weekly Earnings","2019Q3","50 - 250","Wholesale and retail trade; repair of motor vehicles and motorcycles (G)","Euro","650.45"
"Average Weekly Earnings","2019Q3","50 - 250","Transportation and storage (H)","Euro","732.66"
"Average Weekly Earnings","2019Q3","50 - 250","Accommodation and food service activities (I)","Euro","396.99"
"Average Weekly Earnings","2019Q3","50 - 250","Information and communication (J)","Euro","1136.63"
"Average Weekly Earnings","2019Q3","50 - 250","Professional, scientific and technical activities (M)","Euro","1008.28"
"Average Weekly Earnings","2019Q3","50 - 250","Administrative and support service activities (N)","Euro","692.17"
"Average Weekly Earnings","2019Q3","50 - 250","Public administration and defence; compulsory social security (O)","Euro","1054.74"
"Average Weekly Earnings","2019Q3","50 - 250","Education (P)","Euro","517.34"
"Average Weekly Earnings","2019Q3","50 - 250","Human health and social work activities (Q)","Euro","490.13"
"Average Weekly Earnings","2019Q3","50 - 250","Industry (B to E)","Euro","795.63"
"Average Weekly Earnings","2019Q3","50 - 250","Financial, insurance and real estate activities (K,L)","Euro","1071.79"
"Average Weekly Earnings","2019Q3","50 - 250","Arts, entertainment, recreation and other service activities (R,S)","Euro","592.3"
"Average Weekly Earnings","2019Q4","50 - 250","All NACE economic sectors","Euro","731.48"
"Average Weekly Earnings","2019Q4","50 - 250","Construction (F)","Euro","1035.02"
"Average Weekly Earnings","2019Q4","50 - 250","Wholesale and retail trade; repair of motor vehicles and motorcycles (G)","Euro","663.76"
"Average Weekly Earnings","2019Q4","50 - 250","Transportation and storage (H)","Euro","767.91"
"Average Weekly Earnings","2019Q4","50 - 250","Accommodation and food service activities (I)","Euro","385.28"
"Average Weekly Earnings","2019Q4","50 - 250","Information and communication (J)","Euro","1203.02"
"Average Weekly Earnings","2019Q4","50 - 250","Professional, scientific and technical activities (M)","Euro","1060.58"
"Average Weekly Earnings","2019Q4","50 - 250","Administrative and support service activities (N)","Euro","721.81"
"Average Weekly Earnings","2019Q4","50 - 250","Public administration and defence; compulsory social security (O)","Euro","1082.41"
"Average Weekly Earnings","2019Q4","50 - 250","Education (P)","Euro","539.17"
"Average Weekly Earnings","2019Q4","50 - 250","Human health and social work activities (Q)","Euro","500.33"
"Average Weekly Earnings","2019Q4","50 - 250","Industry (B to E)","Euro","831.2"
"Average Weekly Earnings","2019Q4","50 - 250","Financial, insurance and real estate activities (K,L)","Euro","1145.3"
"Average Weekly Earnings","2019Q4","50 - 250","Arts, entertainment, recreation and other service activities (R,S)","Euro","636.99"
"Average Weekly Earnings","2020Q1","50 - 250","All NACE economic sectors","Euro","755.69"
"Average Weekly Earnings","2020Q1","50 - 250","Construction (F)","Euro","978.32"
"Average Weekly Earnings","2020Q1","50 - 250","Wholesale and retail trade; repair of motor vehicles and motorcycles (G)","Euro","678.88"
"Average Weekly Earnings","2020Q1","50 - 250","Transportation and storage (H)","Euro","763.28"
"Average Weekly Earnings","2020Q1","50 - 250","Accommodation and food service activities (I)","Euro","375.49"
"Average Weekly Earnings","2020Q1","50 - 250","Information and communication (J)","Euro","1298.47"
"Average Weekly Earnings","2020Q1","50 - 250","Professional, scientific and technical activities (M)","Euro","1072.84"
"Average Weekly Earnings","2020Q1","50 - 250","Administrative and support service activities (N)","Euro","831.78"
"Average Weekly Earnings","2020Q1","50 - 250","Public administration and defence; compulsory social security (O)","Euro","1081.77"
"Average Weekly Earnings","2020Q1","50 - 250","Education (P)","Euro","531.88"
"Average Weekly Earnings","2020Q1","50 - 250","Human health and social work activities (Q)","Euro","484.72"
"Average Weekly Earnings","2020Q1","50 - 250","Industry (B to E)","Euro","838.65"
"Average Weekly Earnings","2020Q1","50 - 250","Financial, insurance and real estate activities (K,L)","Euro","1338.94"
"Average Weekly Earnings","2020Q1","50 - 250","Arts, entertainment, recreation and other service activities (R,S)","Euro","607.32"
"Average Weekly Earnings","2020Q2","50 - 250","All NACE economic sectors","Euro","740.18"
"Average Weekly Earnings","2020Q2","50 - 250","Construction (F)","Euro","934.3"
"Average Weekly Earnings","2020Q2","50 - 250","Wholesale and retail trade; repair of motor vehicles and motorcycles (G)","Euro","624.39"
"Average Weekly Earnings","2020Q2","50 - 250","Transportation and storage (H)","Euro","737.19"
"Average Weekly Earnings","2020Q2","50 - 250","Accommodation and food service activities (I)","Euro","418.92"
"Average Weekly Earnings","2020Q2","50 - 250","Information and communication (J)","Euro","1240.23"
"Average Weekly Earnings","2020Q2","50 - 250","Professional, scientific and technical activities (M)","Euro","973.49"
"Average Weekly Earnings","2020Q2","50 - 250","Administrative and support service activities (N)","Euro","687.74"
"Average Weekly Earnings","2020Q2","50 - 250","Public administration and defence; compulsory social security (O)","Euro","1107.51"
"Average Weekly Earnings","2020Q2","50 - 250","Education (P)","Euro","538.35"
"Average Weekly Earnings","2020Q2","50 - 250","Human health and social work activities (Q)","Euro","488.99"
"Average Weekly Earnings","2020Q2","50 - 250","Industry (B to E)","Euro","763.42"
"Average Weekly Earnings","2020Q2","50 - 250","Financial, insurance and real estate activities (K,L)","Euro","1151.42"
"Average Weekly Earnings","2020Q2","50 - 250","Arts, entertainment, recreation and other service activities (R,S)","Euro","743.69"
"Average Weekly Earnings","2020Q3","50 - 250","All NACE economic sectors","Euro","737.92"
"Average Weekly Earnings","2020Q3","50 - 250","Construction (F)","Euro","1006.63"
"Average Weekly Earnings","2020Q3","50 - 250","Wholesale and retail trade; repair of motor vehicles and motorcycles (G)","Euro","661.19"
"Average Weekly Earnings","2020Q3","50 - 250","Transportation and storage (H)","Euro","763.91"
"Average Weekly Earnings","2020Q3","50 - 250","Accommodation and food service activities (I)","Euro","362.44"
"Average Weekly Earnings","2020Q3","50 - 250","Information and communication (J)","Euro","1236.09"
"Average Weekly Earnings","2020Q3","50 - 250","Professional, scientific and technical activities (M)","Euro","1004.47"
"Average Weekly Earnings","2020Q3","50 - 250","Administrative and support service activities (N)","Euro","735.96"
"Average Weekly Earnings","2020Q3","50 - 250","Public administration and defence; compulsory social security (O)","Euro","1098.94"
"Average Weekly Earnings","2020Q3","50 - 250","Education (P)","Euro","546.26"
"Average Weekly Earnings","2020Q3","50 - 250","Human health and social work activities (Q)","Euro","506.6"
"Average Weekly Earnings","2020Q3","50 - 250","Industry (B to E)","Euro","791.38"
"Average Weekly Earnings","2020Q3","50 - 250","Financial, insurance and real estate activities (K,L)","Euro","1130.37"
"Average Weekly Earnings","2020Q3","50 - 250","Arts, entertainment, recreation and other service activities (R,S)","Euro","663.2"
"Average Weekly Earnings","2020Q4","50 - 250","All NACE economic sectors","Euro","809.59"
"Average Weekly Earnings","2020Q4","50 - 250","Construction (F)","Euro","1047.26"
"Average Weekly Earnings","2020Q4","50 - 250","Wholesale and retail trade; repair of motor vehicles and motorcycles (G)","Euro","712.81"
"Average Weekly Earnings","2020Q4","50 - 250","Transportation and storage (H)","Euro","818.26"
"Average Weekly Earnings","2020Q4","50 - 250","Accommodation and food service activities (I)","Euro","393.9"
"Average Weekly Earnings","2020Q4","50 - 250","Information and communication (J)","Euro","1248.41"
"Average Weekly Earnings","2020Q4","50 - 250","Professional, scientific and technical activities (M)","Euro","1106.14"
"Average Weekly Earnings","2020Q4","50 - 250","Administrative and support service activities (N)","Euro","799.97"
"Average Weekly Earnings","2020Q4","50 - 250","Public administration and defence; compulsory social security (O)","Euro","1118.44"
"Average Weekly Earnings","2020Q4","50 - 250","Education (P)","Euro","581.46"
"Average Weekly Earnings","2020Q4","50 - 250","Human health and social work activities (Q)","Euro","527.14"
"Average Weekly Earnings","2020Q4","50 - 250","Industry (B to E)","Euro","879.09"
"Average Weekly Earnings","2020Q4","50 - 250","Financial, insurance and real estate activities (K,L)","Euro","1269.44"
"Average Weekly Earnings","2020Q4","50 - 250","Arts, entertainment, recreation and other service activities (R,S)","Euro","746.97"
"Average Weekly Earnings","2021Q1","50 - 250","All NACE economic sectors","Euro","815.36"
"Average Weekly Earnings","2021Q1","50 - 250","Construction (F)","Euro","923.49"
"Average Weekly Earnings","2021Q1","50 - 250","Wholesale and retail trade; repair of motor vehicles and motorcycles (G)","Euro","676.02"
"Average Weekly Earnings","2021Q1","50 - 250","Transportation and storage (H)","Euro","766.88"
"Average Weekly Earnings","2021Q1","50 - 250","Accommodation and food service activities (I)","Euro","336.87"
"Average Weekly Earnings","2021Q1","50 - 250","Information and communication (J)","Euro","1410.43"
"Average Weekly Earnings","2021Q1","50 - 250","Professional, scientific and technical activities (M)","Euro","1117.67"
"Average Weekly Earnings","2021Q1","50 - 250","Administrative and support service activities (N)","Euro","875.59"
"Average Weekly Earnings","2021Q1","50 - 250","Public administration and defence; compulsory social security (O)","Euro","1141.69"
"Average Weekly Earnings","2021Q1","50 - 250","Education (P)","Euro","569.66"
"Average Weekly Earnings","2021Q1","50 - 250","Human health and social work activities (Q)","Euro","511.92"
"Average Weekly Earnings","2021Q1","50 - 250","Industry (B to E)","Euro","852.91"
"Average Weekly Earnings","2021Q1","50 - 250","Financial, insurance and real estate activities (K,L)","Euro","1454.71"
"Average Weekly Earnings","2021Q1","50 - 250","Arts, entertainment, recreation and other service activities (R,S)","Euro","730.39"
"Average Weekly Earnings","2021Q2","50 - 250","All NACE economic sectors","Euro","805.72"
"Average Weekly Earnings","2021Q2","50 - 250","Construction (F)","Euro","984.29"
"Average Weekly Earnings","2021Q2","50 - 250","Wholesale and retail trade; repair of motor vehicles and motorcycles (G)","Euro","671.85"
"Average Weekly Earnings","2021Q2","50 - 250","Transportation and storage (H)","Euro","768.78"
"Average Weekly Earnings","2021Q2","50 - 250","Accommodation and food service activities (I)","Euro","378.91"
"Average Weekly Earnings","2021Q2","50 - 250","Information and communication (J)","Euro","1328.53"
"Average Weekly Earnings","2021Q2","50 - 250","Professional, scientific and technical activities (M)","Euro","1094.7"
"Average Weekly Earnings","2021Q2","50 - 250","Administrative and support service activities (N)","Euro","849.43"
"Average Weekly Earnings","2021Q2","50 - 250","Public administration and defence; compulsory social security (O)","Euro","1116.73"
"Average Weekly Earnings","2021Q2","50 - 250","Education (P)","Euro","592.26"
"Average Weekly Earnings","2021Q2","50 - 250","Human health and social work activities (Q)","Euro","531.76"
"Average Weekly Earnings","2021Q2","50 - 250","Industry (B to E)","Euro","869.05"
"Average Weekly Earnings","2021Q2","50 - 250","Financial, insurance and real estate activities (K,L)","Euro","1260.32"
"Average Weekly Earnings","2021Q2","50 - 250","Arts, entertainment, recreation and other service activities (R,S)","Euro","703.88"
"Average Weekly Earnings","2021Q3","50 - 250","All NACE economic sectors","Euro","781.14"
"Average Weekly Earnings","2021Q3","50 - 250","Construction (F)","Euro","1033.24"
"Average Weekly Earnings","2021Q3","50 - 250","Wholesale and retail trade; repair of motor vehicles and motorcycles (G)","Euro","680.05"
"Average Weekly Earnings","2021Q3","50 - 250","Transportation and storage (H)","Euro","800.66"
"Average Weekly Earnings","2021Q3","50 - 250","Accommodation and food service activities (I)","Euro","446.7"
"Average Weekly Earnings","2021Q3","50 - 250","Information and communication (J)","Euro","1291.46"
"Average Weekly Earnings","2021Q3","50 - 250","Professional, scientific and technical activities (M)","Euro","1031.17"
"Average Weekly Earnings","2021Q3","50 - 250","Administrative and support service activities (N)","Euro","787.77"
"Average Weekly Earnings","2021Q3","50 - 250","Public administration and defence; compulsory social security (O)","Euro","1149.8"
"Average Weekly Earnings","2021Q3","50 - 250","Education (P)","Euro","597.27"
"Average Weekly Earnings","2021Q3","50 - 250","Human health and social work activities (Q)","Euro","536.3"
"Average Weekly Earnings","2021Q3","50 - 250","Industry (B to E)","Euro","857.88"
"Average Weekly Earnings","2021Q3","50 - 250","Financial, insurance and real estate activities (K,L)","Euro","1164.32"
"Average Weekly Earnings","2021Q3","50 - 250","Arts, entertainment, recreation and other service activities (R,S)","Euro","722.19"
"Average Weekly Earnings","2021Q4","50 - 250","All NACE economic sectors","Euro","816.74"
"Average Weekly Earnings","2021Q4","50 - 250","Construction (F)","Euro","1053.48"
"Average Weekly Earnings","2021Q4","50 - 250","Wholesale and retail trade; repair of motor vehicles and motorcycles (G)","Euro","698.67"
"Average Weekly Earnings","2021Q4","50 - 250","Transportation and storage (H)","Euro","806.88"
"Average Weekly Earnings","2021Q4","50 - 250","Accommodation and food service activities (I)","Euro","429.38"
"Average Weekly Earnings","2021Q4","50 - 250","Information and communication (J)","Euro","1310.82"
"Average Weekly Earnings","2021Q4","50 - 250","Professional, scientific and technical activities (M)","Euro","1107.34"
"Average Weekly Earnings","2021Q4","50 - 250","Administrative and support service activities (N)","Euro","824.65"
"Average Weekly Earnings","2021Q4","50 - 250","Public administration and defence; compulsory social security (O)","Euro","1186.94"
"Average Weekly Earnings","2021Q4","50 - 250","Education (P)","Euro","600.09"
"Average Weekly Earnings","2021Q4","50 - 250","Human health and social work activities (Q)","Euro","541.14"
"Average Weekly Earnings","2021Q4","50 - 250","Industry (B to E)","Euro","878.93"
"Average Weekly Earnings","2021Q4","50 - 250","Financial, insurance and real estate activities (K,L)","Euro","1254.58"
"Average Weekly Earnings","2021Q4","50 - 250","Arts, entertainment, recreation and other service activities (R,S)","Euro","737.53"
"Average Weekly Earnings","2022Q1","50 - 250","All NACE economic sectors","Euro","827.99"
"Average Weekly Earnings","2022Q1","50 - 250","Construction (F)","Euro","1008.4"
"Average Weekly Earnings","2022Q1","50 - 250","Wholesale and retail trade; repair of motor vehicles and motorcycles (G)","Euro","715.92"
"Average Weekly Earnings","2022Q1","50 - 250","Transportation and storage (H)","Euro","777.78"
"Average Weekly Earnings","2022Q1","50 - 250","Accommodation and food service activities (I)","Euro","399.74"
"Average Weekly Earnings","2022Q1","50 - 250","Information and communication (J)","Euro","1446.54"
"Average Weekly Earnings","2022Q1","50 - 250","Professional, scientific and technical activities (M)","Euro","1148.77"
"Average Weekly Earnings","2022Q1","50 - 250","Administrative and support service activities (N)","Euro","866.59"
"Average Weekly Earnings","2022Q1","50 - 250","Public administration and defence; compulsory social security (O)","Euro","1161.36"
"Average Weekly Earnings","2022Q1","50 - 250","Education (P)","Euro","575.16"
"Average Weekly Earnings","2022Q1","50 - 250","Human health and social work activities (Q)","Euro","515.08"
"Average Weekly Earnings","2022Q1","50 - 250","Industry (B to E)","Euro","863.28"
"Average Weekly Earnings","2022Q1","50 - 250","Financial, insurance and real estate activities (K,L)","Euro","1437.01"
"Average Weekly Earnings","2022Q1","50 - 250","Arts, entertainment, recreation and other service activities (R,S)","Euro","740.9"
"Average Weekly Earnings","2022Q2","50 - 250","All NACE economic sectors","Euro","826.41"
"Average Weekly Earnings","2022Q2","50 - 250","Construction (F)","Euro","1052.13"
"Average Weekly Earnings","2022Q2","50 - 250","Wholesale and retail trade; repair of motor vehicles and motorcycles (G)","Euro","735.23"
"Average Weekly Earnings","2022Q2","50 - 250","Transportation and storage (H)","Euro","853.01"
"Average Weekly Earnings","2022Q2","50 - 250","Accommodation and food service activities (I)","Euro","426.1"
"Average Weekly Earnings","2022Q2","50 - 250","Information and communication (J)","Euro","1382.3"
"Average Weekly Earnings","2022Q2","50 - 250","Professional, scientific and technical activities (M)","Euro","1167.61"
"Average Weekly Earnings","2022Q2","50 - 250","Administrative and support service activities (N)","Euro","841.44"
"Average Weekly Earnings","2022Q2","50 - 250","Public administration and defence; compulsory social security (O)","Euro","1198.13"
"Average Weekly Earnings","2022Q2","50 - 250","Education (P)","Euro","593.1"
"Average Weekly Earnings","2022Q2","50 - 250","Human health and social work activities (Q)","Euro","533.94"
"Average Weekly Earnings","2022Q2","50 - 250","Industry (B to E)","Euro","866.2"
"Average Weekly Earnings","2022Q2","50 - 250","Financial, insurance and real estate activities (K,L)","Euro","1245.37"
"Average Weekly Earnings","2022Q2","50 - 250","Arts, entertainment, recreation and other service activities (R,S)","Euro","700.48"
"Average Weekly Earnings","2022Q3","50 - 250","All NACE economic sectors","Euro","807.69"
"Average Weekly Earnings","2022Q3","50 - 250","Construction (F)","Euro","1058.86"
"Average Weekly Earnings","2022Q3","50 - 250","Wholesale and retail trade; repair of motor vehicles and motorcycles (G)","Euro","721.92"
"Average Weekly Earnings","2022Q3","50 - 250","Transportation and storage (H)","Euro","815.24"
"Average Weekly Earnings","2022Q3","50 - 250","Accommodation and food service activities (I)","Euro","432.17"
"Average Weekly Earnings","2022Q3","50 - 250","Information and communication (J)","Euro","1339.97"
"Average Weekly Earnings","2022Q3","50 - 250","Professional, scientific and technical activities (M)","Euro","1089.57"
"Average Weekly Earnings","2022Q3","50 - 250","Administrative and support service activities (N)","Euro","753.63"
"Average Weekly Earnings","2022Q3","50 - 250","Public administration and defence; compulsory social security (O)","Euro","1197.42"
"Average Weekly Earnings","2022Q3","50 - 250","Education (P)","Euro","649.42"
"Average Weekly Earnings","2022Q3","50 - 250","Human health and social work activities (Q)","Euro","542.7"
"Average Weekly Earnings","2022Q3","50 - 250","Industry (B to E)","Euro","858.12"
"Average Weekly Earnings","2022Q3","50 - 250","Financial, insurance and real estate activities (K,L)","Euro","1188.48"
"Average Weekly Earnings","2022Q3","50 - 250","Arts, entertainment, recreation and other service activities (R,S)","Euro","673.84"
"Average Weekly Earnings","2022Q4","50 - 250","All NACE economic sectors","Euro","834.87"
"Average Weekly Earnings","2022Q4","50 - 250","Construction (F)","Euro","1113.33"
"Average Weekly Earnings","2022Q4","50 - 250","Wholesale and retail trade; repair of motor vehicles and motorcycles (G)","Euro","718.57"
"Average Weekly Earnings","2022Q4","50 - 250","Transportation and storage (H)","Euro","804.66"
"Average Weekly Earnings","2022Q4","50 - 250","Accommodation and food service activities (I)","Euro","418.03"
"Average Weekly Earnings","2022Q4","50 - 250","Information and communication (J)","Euro","1397.29"
"Average Weekly Earnings","2022Q4","50 - 250","Professional, scientific and technical activities (M)","Euro","1170.43"
"Average Weekly Earnings","2022Q4","50 - 250","Administrative and support service activities (N)","Euro","762.21"
"Average Weekly Earnings","2022Q4","50 - 250","Public administration and defence; compulsory social security (O)","Euro","1308.71"
"Average Weekly Earnings","2022Q4","50 - 250","Education (P)","Euro","647.81"
"Average Weekly Earnings","2022Q4","50 - 250","Human health and social work activities (Q)","Euro","555.59"
"Average Weekly Earnings","2022Q4","50 - 250","Industry (B to E)","Euro","878.91"
"Average Weekly Earnings","2022Q4","50 - 250","Financial, insurance and real estate activities (K,L)","Euro","1270.93"
"Average Weekly Earnings","2022Q4","50 - 250","Arts, entertainment, recreation and other service activities (R,S)","Euro","691.35"
"Average Weekly Earnings","2023Q1","50 - 250","All NACE economic sectors","Euro","854.42"
"Average Weekly Earnings","2023Q1","50 - 250","Construction (F)","Euro","1007.86"
"Average Weekly Earnings","2023Q1","50 - 250","Wholesale and retail trade; repair of motor vehicles and motorcycles (G)","Euro","750.21"
"Average Weekly Earnings","2023Q1","50 - 250","Transportation and storage (H)","Euro","787.81"
"Average Weekly Earnings","2023Q1","50 - 250","Accommodation and food service activities (I)","Euro","412.51"
"Average Weekly Earnings","2023Q1","50 - 250","Information and communication (J)","Euro","1491.78"
"Average Weekly Earnings","2023Q1","50 - 250","Professional, scientific and technical activities (M)","Euro","1207.67"
"Average Weekly Earnings","2023Q1","50 - 250","Administrative and support service activities (N)","Euro","778.67"
"Average Weekly Earnings","2023Q1","50 - 250","Public administration and defence; compulsory social security (O)","Euro","1230.18"
"Average Weekly Earnings","2023Q1","50 - 250","Education (P)","Euro","620.13"
"Average Weekly Earnings","2023Q1","50 - 250","Human health and social work activities (Q)","Euro","556.38"
"Average Weekly Earnings","2023Q1","50 - 250","Industry (B to E)","Euro","913.42"
"Average Weekly Earnings","2023Q1","50 - 250","Financial, insurance and real estate activities (K,L)","Euro","1492.73"
"Average Weekly Earnings","2023Q1","50 - 250","Arts, entertainment, recreation and other service activities (R,S)","Euro","708"
"Average Weekly Earnings","2023Q2","50 - 250","All NACE economic sectors","Euro","850.09"
"Average Weekly Earnings","2023Q2","50 - 250","Construction (F)","Euro","1055.71"
"Average Weekly Earnings","2023Q2","50 - 250","Wholesale and retail trade; repair of motor vehicles and motorcycles (G)","Euro","752.33"
"Average Weekly Earnings","2023Q2","50 - 250","Transportation and storage (H)","Euro","819.84"
"Average Weekly Earnings","2023Q2","50 - 250","Accommodation and food service activities (I)","Euro","440.12"
"Average Weekly Earnings","2023Q2","50 - 250","Information and communication (J)","Euro","1429.89"
"Average Weekly Earnings","2023Q2","50 - 250","Professional, scientific and technical activities (M)","Euro","1241.94"
"Average Weekly Earnings","2023Q2","50 - 250","Administrative and support service activities (N)","Euro","759.01"
"Average Weekly Earnings","2023Q2","50 - 250","Public administration and defence; compulsory social security (O)","Euro","1245.95"
"Average Weekly Earnings","2023Q2","50 - 250","Education (P)","Euro","704.99"
"Average Weekly Earnings","2023Q2","50 - 250","Human health and social work activities (Q)","Euro","561.52"
"Average Weekly Earnings","2023Q2","50 - 250","Industry (B to E)","Euro","919.87"
"Average Weekly Earnings","2023Q2","50 - 250","Financial, insurance and real estate activities (K,L)","Euro","1313.99"
"Average Weekly Earnings","2023Q2","50 - 250","Arts, entertainment, recreation and other service activities (R,S)","Euro","697.21"
"Average Weekly Earnings","2023Q3","50 - 250","All NACE economic sectors","Euro","812.6"
"Average Weekly Earnings","2023Q3","50 - 250","Construction (F)","Euro","1030.17"
"Average Weekly Earnings","2023Q3","50 - 250","Wholesale and retail trade; repair of motor vehicles and motorcycles (G)","Euro","725.74"
"Average Weekly Earnings","2023Q3","50 - 250","Transportation and storage (H)","Euro","804.4"
"Average Weekly Earnings","2023Q3","50 - 250","Accommodation and food service activities (I)","Euro","441.15"
"Average Weekly Earnings","2023Q3","50 - 250","Information and communication (J)","Euro","1421.93"
"Average Weekly Earnings","2023Q3","50 - 250","Professional, scientific and technical activities (M)","Euro","1177.82"
"Average Weekly Earnings","2023Q3","50 - 250","Administrative and support service activities (N)","Euro","765.93"
"Average Weekly Earnings","2023Q3","50 - 250","Public administration and defence; compulsory social security (O)","Euro","1268.19"
"Average Weekly Earnings","2023Q3","50 - 250","Education (P)","Euro","655.3"
"Average Weekly Earnings","2023Q3","50 - 250","Human health and social work activities (Q)","Euro","558.32"
"Average Weekly Earnings","2023Q3","50 - 250","Industry (B to E)","Euro","900.11"
"Average Weekly Earnings","2023Q3","50 - 250","Financial, insurance and real estate activities (K,L)","Euro","1207.4"
"Average Weekly Earnings","2023Q3","50 - 250","Arts, entertainment, recreation and other service activities (R,S)","Euro","661.83"
"Average Weekly Earnings","2023Q4","50 - 250","All NACE economic sectors","Euro","847.29"
"Average Weekly Earnings","2023Q4","50 - 250","Construction (F)","Euro","1130.55"
"Average Weekly Earnings","2023Q4","50 - 250","Wholesale and retail trade; repair of motor vehicles and motorcycles (G)","Euro","731.76"
"Average Weekly Earnings","2023Q4","50 - 250","Transportation and storage (H)","Euro","839.21"
"Average Weekly Earnings","2023Q4","50 - 250","Accommodation and food service activities (I)","Euro","439.47"
"Average Weekly Earnings","2023Q4","50 - 250","Information and communication (J)","Euro","1437.15"
"Average Weekly Earnings","2023Q4","50 - 250","Professional, scientific and technical activities (M)","Euro","1232.78"
"Average Weekly Earnings","2023Q4","50 - 250","Administrative and support service activities (N)","Euro","785.67"
"Average Weekly Earnings","2023Q4","50 - 250","Public administration and defence; compulsory social security (O)","Euro","1220.99"
"Average Weekly Earnings","2023Q4","50 - 250","Education (P)","Euro","682.67"
"Average Weekly Earnings","2023Q4","50 - 250","Human health and social work activities (Q)","Euro","587.88"
"Average Weekly Earnings","2023Q4","50 - 250","Industry (B to E)","Euro","916.07"
"Average Weekly Earnings","2023Q4","50 - 250","Financial, insurance and real estate activities (K,L)","Euro","1362.46"
"Average Weekly Earnings","2023Q4","50 - 250","Arts, entertainment, recreation and other service activities (R,S)","Euro","669.04"
"Average Weekly Earnings","2024Q1","50 - 250","All NACE economic sectors","Euro","900.41"
"Average Weekly Earnings","2024Q1","50 - 250","Construction (F)","Euro","1063.38"
"Average Weekly Earnings","2024Q1","50 - 250","Wholesale and retail trade; repair of motor vehicles and motorcycles (G)","Euro","760.14"
"Average Weekly Earnings","2024Q1","50 - 250","Transportation and storage (H)","Euro","836.14"
"Average Weekly Earnings","2024Q1","50 - 250","Accommodation and food service activities (I)","Euro","440"
"Average Weekly Earnings","2024Q1","50 - 250","Information and communication (J)","Euro","1609.18"
"Average Weekly Earnings","2024Q1","50 - 250","Professional, scientific and technical activities (M)","Euro","1372.05"
"Average Weekly Earnings","2024Q1","50 - 250","Administrative and support service activities (N)","Euro","826.99"
"Average Weekly Earnings","2024Q1","50 - 250","Public administration and defence; compulsory social security (O)","Euro","1243.69"
"Average Weekly Earnings","2024Q1","50 - 250","Education (P)","Euro","661.21"
"Average Weekly Earnings","2024Q1","50 - 250","Human health and social work activities (Q)","Euro","593.08"
"Average Weekly Earnings","2024Q1","50 - 250","Industry (B to E)","Euro","948.22"
"Average Weekly Earnings","2024Q1","50 - 250","Financial, insurance and real estate activities (K,L)","Euro","1578.63"
"Average Weekly Earnings","2024Q1","50 - 250","Arts, entertainment, recreation and other service activities (R,S)","Euro","675.69"
"Average Weekly Earnings","2024Q2","50 - 250","All NACE economic sectors","Euro","882.76"
"Average Weekly Earnings","2024Q2","50 - 250","Construction (F)","Euro","1072.93"
"Average Weekly Earnings","2024Q2","50 - 250","Wholesale and retail trade; repair of motor vehicles and motorcycles (G)","Euro","775.3"
"Average Weekly Earnings","2024Q2","50 - 250","Transportation and storage (H)","Euro","899.72"
"Average Weekly Earnings","2024Q2","50 - 250","Accommodation and food service activities (I)","Euro","457.97"
"Average Weekly Earnings","2024Q2","50 - 250","Information and communication (J)","Euro","1495.68"
"Average Weekly Earnings","2024Q2","50 - 250","Professional, scientific and technical activities (M)","Euro","1345.83"
"Average Weekly Earnings","2024Q2","50 - 250","Administrative and support service activities (N)","Euro","795.14"
"Average Weekly Earnings","2024Q2","50 - 250","Public administration and defence; compulsory social security (O)","Euro","1253.79"
"Average Weekly Earnings","2024Q2","50 - 250","Education (P)","Euro","694.31"
"Average Weekly Earnings","2024Q2","50 - 250","Human health and social work activities (Q)","Euro","607.26"
"Average Weekly Earnings","2024Q2","50 - 250","Industry (B to E)","Euro","948.79"
"Average Weekly Earnings","2024Q2","50 - 250","Financial, insurance and real estate activities (K,L)","Euro","1365.57"
"Average Weekly Earnings","2024Q2","50 - 250","Arts, entertainment, recreation and other service activities (R,S)","Euro","648.26"
